,Text,Label
0,"“eo”

ae

ab -

“""

~

—

o 4

=

es

~.

ie

~~

=

oe,

==

~~~

ae

cuss UPD TE

Surmame

VAAJERO

rir

Gives

se

i

Bers

ie SE IO

—

&Am,

ec

>

“40a,
",1
1,"ty.

te,

>.

»

la

a

“

wNON

~*

nN

Tex.

wn

N

~8

~e.

Db

ay

a

a 4d

~ Fs

a

sos Oe

So

ao

as

Se ty

&

[>s

we

we

STATES OF

AMERICA

PASBPORT CARO

*

x *

t,

ae

>aaspon Card no. *

Nationality

93005988

Ee

Surname

TRAVELER

iPLAR

Given Names

™

HAPPY

z

2

Care

&

M

1 JAN 1981

*

Place of Birtn

=

“M4

n

g

NEW YORK. U.S.A

.

Expres Un

ad AWN 2009

29 NOV 2015

ete

1-027%.

ee

unwed SHATEe DEPARTMENT OF BTA

TE

IP,

Aa

2

“®ieg

Rag

Sere

8 ry

Can
",1
2,"aie Ey

oe

Serr

~~

ra]

~ SS

oN

Nhe

—~ ee,

oe

nw 2

ae, oe? a

as

~~

-_~

""oan

~ ‘

mens.

am, AS

“aS

om

fa,

Rs

GAAALL Suan.

a s

Surname

EAP aueatisien 3

Swen

V'

Prag,

oe) wens

ann

nN

aaa

ML.

if

Corr

terug""

Cal

-—.

qt.

RE ow,

fan

ao ct a eee eee

iS

Ch

ee —

>

FS

S

u

tae'on,

SY

oN
",1
3,"ea

Sa

oar

at

oT

@

cai

Cy

Cs “

ate

Fran

pam

Hae

rir

AN

La

Yn aang

zB

o 4

ee te

Rae cme,

dmnnmaora

tea

Urano 4

Mermencey

ae

(22

‘Sec

¢

a

ASK

eee

wen

YORK

-

7

od

Ray Rare

A heat

wa yk

Ay

ORS, DUS etait.

a

Surnaine

Mi

VIAJERO 0G LAMIREWATERA

Given Nemeg.

,

Mss

sar

or

Nebr,

i

ra

rarer

ae

Pee a ha

as

ee a

New Harn

=.

New Mex

ae

aed

fAmerics ru

Tl DOMINI

REPUBLIC.

oth Caro

OA

MIA

*

Comrie,

MT 20 Au

» SEoar, ©

ay

aan
",1
4,"-£S OF AMERFTA |

SpUMeETE.

-ORT CARD.

za

iy

wee

Passport

a

co

30089

are

EXEMP

RAVELER

Sven anes

a HAPPY

Date of Berth

«+

MM

1 JAN 1901

oy

we

cy

+ 4

ace of Barth

MEW YORK. U.S.A.

Eaperes:

a.

2

ra

= STATRO DEPARTMENT OF O

al
",1
5,"a

1D KINGD:

OF GREAT BRITAIN AND NORTHEI

cnt

(RELAND

PASSEPORT

PASSPORT

P

yore

GBR

TOFS a3

Sanene

UNITED -KINGDOK-F IVE

DODIE PIPEA

BRITISH, Hackitzen

SAN 85

en dao

fat

DON

pained

STSAN 73an 86

UKPA

Desert guprsing)

Mae Spo bo bbe)

31 SAN /JAN 16.

eh,

&

ST Ordighus™

P<GBRUNITED<KINGDON<F I VEC<JODIE<PIPPACKKKKK<

1071857032GBR8501 1 78F 16013 12<<<<<cecccccecO2
",1
6,"4

Vee

7»

a

se

—G:

wy

S

NM

nN

“

fm 6

~~

~~

<8

one

ie,

in

+

oT

een

_™

BS

Lo™

sas BP

STATES OF A.

PASSPORT CARD

grerep

eee

wa

Ss

u

Nation atty

Cc

”~

Surname

EXEMFi

TRAVELER

Given Names

ema

HAPPY

ny

Sex

Date of Sirth

Pf

M

1 JAN 1981

Place of Birth

= YORK. U.S.A.

ary,

Expires On

is

Ae NOV 2009 29 NBY¥ 201%

+8

>.

1-02781-0

wT

veers Bacen DEPAMEMENT OF ©

cos

¥

re

‘Reo

""aay

Uap

ad)

a
",1
7,"ime)

r8

7

Aa

BS

a

a

N

Ss

.

we

pee

~S

Bp?

oF

pr

mistet

e

2

AM

ase)

17

a

aa

PN\dcie

_ ate

en

oy

.

we

nen

oy

ss

wv

a

or

oe

re

as

id

vee

AY]

AD

+

J

ne

wey?

sf

Se

parent

1G

sae

iy

Mabe""

ett

Avs

4)

tre

AS

Pn

""

iy:

""

>

a

sa

i

aft

\Y

ay

th

is

Ay

EES:

aS

PGR

4 tte

oa

yh se

a

wi)

ROR TPR

*

Ny

a:

a

si

cay

Bete

AY,

a

cea

xt

“

NN

o

a

ce

ee

7

IN

Wy

ATi

re

By,

aN

ms

ge

eo)

wy

4

we

os

a

fee ee

‘M-

oy

te Os

a
",1
8,"DRIVER LICENSE

r

ALABAMA

NO. 1234567

cass D

0.08, 03-24-1975, exe 03-21-2022

JANICE

SAMPLE,

1 WONDERFUL DRIVE

MONTGOMERY AL 36104-1234

83-21-2017

NDORSENENTS NONE AEST A

oF

11 505. evesBRA

W112) wae BRN

Secretary Hal Taylor

Secretary Leterme

Bunda Sample
",1
9,"tee

' fy

. ky »

a

Yee

GS

~“N So

oy

ws

vb #

~8

SN

~ON,

~~

yy

>

ay

+

oo

~~

~>

&

~~

SS

un &

Los

SN

—,

EL

“ES OF AMERICA

we

IRT CARDO «

k*

wee

Passpon Carano. *

C03005388

~

‘s

EXEMPLAR

-

°

BS

as

rotten

Ca

rf Sex Dare of Birth

’

ot

‘t

M

JAN 1981

%

Place of Binh

OPT

a

re

NEW YORK. U.S.A.

4

ad 3

Expires On

NOV 2009 29 N@V 2019

1-02781 0

}

TRS DEPARSMENT OF STATE

as

meres ry

Uy

ay
",1
10,"a.

 ,

fey

ek

Pd

atte ®

wn mh

Pd

ow wer

satan

wv

‘y

in
",1
11,"STATES OF AMER

G

PASSPORT CARODx

Nationality

kek

Passport G

ig

US.

G03

Surname

EXEMPLAR

&

TRAVELER

Given Names

38

3

nd

HAPPY

Sex

Date of Birth

+

M

1 JAN 1981

x

Place of Birth

AN

HEN. YORK. U.S.A,

Expires On

+&

Ua

Na

NOV 2009 29 Nov 20

07

_1-02781-0

ke

&

TU

W

AN

TED &

ree, DEPARTMENT OF S

®
",1
12,"ma

4A

a

pat

se

Fes

Si

wi

Ny

I

ee

SIONATURE OF BEARER / SGNAT

TALTUTOLARE Fie DEL TTULAR

—__—.

—_..-

a

“Wie

ANT

a

PASAPOR'

JNITE Rares on

revo

“9L0ZS

oH

eA

Sure

OBA

:

Sepitnes fons ne

MICHELLE

‘asaya Hiinasoa

UNITED STATES’ OF AMERICA

Dade ct wir /On ace Foi tne

7.Jan 1966

meen

sear Se 80

—}

Spe aint

ILERNOIS, U.

ES ue ivi tite

arty nn tnt

nit

ag:

ah

ost

ea hd sin Daarkenabt of Slate

arn io Sie ante

SEE PAGE 5t

DSA

we

~.

PCUS AOBAMA<&MI CHEL LESSERR SK <4< £ KEK KKK KKK KKK

94.02392482USA6401171F.1842051900781 200<129676
",1
13,"fy

ga

a

i

ee.

”~

SON ST

“

~~»

“™

wes,

SS.

NA

8

~

s.

Db

ast

od

~~ ~

~ Bb

<~

a.

my

SO,

SL

a

wo ye

Ay

7

s_

= OF AMERICA

PAS.

CARD*

xk *

yen

+

Passpon Carano. *

C03005988

U

Surnac

EXEMPLAR

w

TRAV

tae

GS

HAP

Sex

e

le

Af

Place a1

>

r

NEW YORK. L

Lay

‘a BWV 2009 3s

i

187.2"".

2-02.2.

TRS DAPAMEMUENT OF STRTE

4-

Sam Chie

8, ry

”

ae
",1
14,"re

me)

ma

a

pS

at

QO

i

bo

eat

p

at

A

p>

we?

wd

ww

AM

ae

<.

B-

wee

Alt Gr

wee

ts

ee

re

Me

np

BS

on

Ba

ti*

we

sie

Aen

we tad Ts

Rs

i:

or

ataps

ae

x

Ct

A,

wey

F

baie

bY)

oe aa

@

ae

aba

a
",1
15,"ad (SIG)

i)

cant

HSIESTA

BERMICES«

aw

ia

f:

=e

002: 2016-Nov-11

ae

bie

w

BRInsH

s

COLUMETA 2O4G

a a
",1
16,"mad

x *

are 10-

STA

Tc

passpot

geereD

ase

at

C03

05988

Nastro!

natty

usA

EXEMP

surname

TRAY

€LER

Ge

en Nant

HAPPY

cate ft BT

Ser

1 JAN 1

erace of

anh

pew YORK. US

oP

2

NOV 2

ead

(a

+e

ale eT ows pao merseN

al

Pal

A
",1
17,"ew

af fa

sieg

a ®

TES

cme

os pee

wane *

sth

oat

ca

eae

f.

sob

EKEMP

wR ee

wwe

are

pe HO

pice ot

rary eA

wer YORK.

at Re

MB

ayia

ax ae O8F

)

i)

ic

ze
",1
18,"PERSONALAUSWEIS REPUBLIK OSTERREICH

[ENTITY CAD THE REPSUC OF ASTI | CTE

REPUBIQUE

ce | nba | uo

.

‘10000899

ate und Yona

Seapets ee) Ho Pe

WAG.

MUSTERFRAU

ISOLDE

Date oir Date de wise

09.09.1971

Une Sgntie| Sgt au Stee

FE

Soe

oo

ae (side Hush fe
",1
19,"aren ae

Cooperate

rotten owner emo eminent

.

on

(rman rac

eter nace

etl

as,

CANADA

&

a

\ Cossrste ne)

-<

ea

%

[CHO ESCARLY YANEZ,

‘HoYAHoND HLL ON

.

Applcatoncamande:

vvomuc:

WORK PERMITIPERMIS DE TRAVAIL

‘CLENTINFORWATIONINEORWATION DU CLIENT

amity Narmaniom do Ear

‘Given Nare(s¥Préneet]

(Onto of Biron de nalesance:

net

‘SanSene:

rena

Country oF einniPaye de naiasance:

NER

‘Country of Ceananipitnyen oe

NIGERIA

‘Travel Doe No. dt document de voyage:

PASSPORT

ADDITIONAL INFORMA TICAINEORSERTION SUPPL EMEN TAIRE

(ie enue Delird

‘orecae

meets

pry DotatDete foxsirat0n

aoveriate

‘one ne

(ats TypatGeere de cas:

6

ESOCEDSC #

EmpleyarEmpoyeur:

Empleymeat Locatonmplacamant de Famptoi: UNKNOWN

OooupatonProteexion:

ren

In Fores FromiEn viganur a

2oraoaoe

it matt

‘condone:

1. MUGT LEAVE CANADA BY 20101210

2. UNLESS AUTHORGED PROMIENTED FROM ATTENDING ANY EDUCATIONAL INSTITUTION. GR TAKING

2 ACADEMIC, PROFESSIONAL OR VOCATIONAL TRAINING COURSE.

3. NOT VALID FOR EMPLOYMENT IN BUSINESSES RELATED TO THE SEX TRADE SUCH AS STRIP CLUBS,

MASSAGE PARLOURS OR ESCORT SERVICES.

stone:

REMAINDER OF 3 YEAR PGMP ISSUED.

‘THIS DOES NOT AUTHORIZE RE-ENTRYICECI NAUTORISE PAGLA REENTREE™

egos er

Sate

at

Sener ee a eee acta eaabebe cet

.

om a

Canc
",1
20,"mcd

as)

ad

F6

F5

Feb

cA

o

ms

com

ma sont

at

a

eye

oe

aps

+O

B ,

ane

2tF

PNiaeis

ate

Nay

o

af

am

a

oe

ie

nas

$3)

ha

ate

a

a2

dl

rors

met

“et

ae

ro.

De

Be

a

ween thy

oy

wel SiS

fy

nae

Sti’
",1
21,"ze

Te

22

vata

a)

oe

co

Po ers

ve

oa

my

an

a

4,

DN ED >

-

pire

Scale

Lomroeg

a

tee

=

sees

=

ate Tewecipe

Peek en

i

woe

Re eaie sy

2S

==

——

=

==
",1
22,"a)

FS

oc

es

ct

c

oa

4

U

Zt

war

a

B ,

PNAC

_—

pai

a

=

BS

Bs

—
",1
23,"eu

te

a

ho

ae

an

ie)

Qa

8

i

rel

ate

i

att

KK

vi

wr

edd

se

+O

B ’

eee

PNiae

Pertaen

oy

anak

ati

an

7

os

a

+d

we

Bey

Nie:

ms

es

ro

yi

A

me

wees

a

wy

oy

i eS

wi

Av

or

a

deb
",1
24,"OF

ky .

Peary

—=_

w

.~

wee

a ee

NL

=~ MN

>

~~ A

Seow

ee,

na #

~~

Soy

~ O&

=

aw, he ee

ow

&~n

~~

yt

B64,

een w=

~~

ae

PRU Songs

ARM eto

Surname

Vi

Gwen Nam

OE LAPRONTE RA

<—

Pn,

~~

wes:

abies

ey

&

ye

oes

tomy

xd

po22

7%

Onn,

2.

cane

Lonmgsa

ee

te i

S

Ww.

‘Sey

re

fl

.

en

a
",1
25,"ra

cr

a

To

oT

My,

one

7

“Nw” aye

EW KY

bts

ae

AN

ba

lier rT

,2 4

te na

OU anc rg

Pe

Mereapety -#

ane WEE

bee

we

*AAIKy

Cr a tee

Soom

ORK

ae

V:

hes

MM,

hog

Ge est snes Lite 3

Sutname

«

VIAJERO OR LARONTERA

Mi:

Given Namag

fewk

ow

Me

5d

surge | She

,)

er

oa

RAs

Net;

4

aed

wo we

L Seamer

a

a

New Ha

at

New Me.

oes

&Ame rh Ca

ru

‘ATT DOMAINE

North Caro

‘AD:

>

EMA

2012 a4 GEoa,

@

re

Rese

SO
",1
26,"~

We

~ AD.

2a

>)

wan &

NN

~é

NOW

~

rs.

AN

~~

~8

QD

Y

a *t

~~ FEN.

~

kh HE

~ Se

oe

Set

on,

a

os

s

rane

./~

re

ERICA

STATES

* *

+

* PABBPORT ~—

Tudno, *

wy

Nationaiity

*

15,988

a

-~

USA

Surname

AR

TRAVELER

cb

=~.

|

Given Names

HAPPY

:

Sex

Cate of Girth

M

1 JAN 1981

Place of Binh

NEW YORK U.S.A.

Expires On

kod

re

5 ea

V 2009 29 NOV 2019

1-02781-0

at

ustean

| ahve DaPameNENT OF STATE

La

‘Pho

ata,

me

8. ry

Ue,
",1
27,"-S OF AMERDTA |

UAT CAROr

ie

eee

Pasapon %

ae

'

COW

EXEM

aVELER

so Nee

MAPPY

=

Oaee of Berm

nM

1 JAM 1901

a€

Pace of term

MEW YORK. US.A

i

‘38 NOW 2009 «29

stATE® OEP ARTMUNT GF BS
",1
28,"7

ky .

et

Peary

a

so

—<

wf

SN,

~

Mea, a

a,

—~

ni é

en

~

~~

ro

ss

oor,

~‘\S ee

om.

on

aN\gD

he

Nee on,

“peer

WOGMRAL waenes up

ae

aa

~~ s

Surname

anus, TB

Gwen

4 me

V'

~~

aim”

_?) Many

ue.

ape

Comet

—

ST

mere

“Ee

YS

22

a |

vy

Y}’

>‘

ORT,

ee nae ie

a rer

S Map

ewe He

ae a
",1
29,"fan

fy

a,

Ve

we

NTA

“>

™

~N

<> u~

~8

~..

»

i

“ey

<4

2

—

rae See >

~ Fos.

ate

Wh

OS

=e

Sec,

TATES OF AMERICA

>

UNu

3S8PORT CARD *

x *

hassport U41@ 110

*

t

*

+

V

Va

(703005988

4

VELER

EXEMPLAR

Yo

Sen Namies

HAPPY

-

z

Sex

Dave

auth

M

1 JAN 1981

mY

ah

Place of Birth

Sty

‘

NEW YORK. USA

E cores Gr

29 NOV 2019

cad i) NOV 2009

1-02781 0

Oeh\

@edts8 DEPARTMENT OF STATE

ow,

/

)

Ne, eg ry Cur

<a
",1
30,"|

Vee,

eX

me

“ ~S

a”

™

we

~~

~~ oN

“yt é

S&S

=

Dp

“aS

a *Y

a

>

pet

ee.

gate BP

oo

SN

oe,

Re ea

a te

a

ae,

Se.

ST

-3 OF AMERICA

* PAS:

~ GARDr

xk *

“+

Passpon Card no. *

C03005988

~..

oe

Surnan

EXEMPLAR

my

HAF

Sex

ve

Qo

Hi

Place 2

The

NEW YORK. ‘

my ABNOv 2009 2

ra

ae

a

TES DEPARTMENT OF Ota, —

.

vj

Sm Sri

9, ry

ey,

ad

a
",1
31,"’ fay

Ue,

~ AD

KY y.-

Ye

uN

~ oa

ws

ty

os

aS.

Ne

~8

oD

~~

~ ran

Ny

afk

een .,

~~

&

~~‘.

Nom ME

<M

oe oy

fa,

 ,

~~

> OF AMERICA

PAS

CARD.

x *

qreren,

Passpon Carano. *

C03005988

Sure.

EXEMPLAR

ws

foes? Pe,

HA}

¥""

Ser

e

Pat

Pr

sit,

Place o: ~

anny,

we YORK. U.S.A.

Expires on

3

arn,

NOV 2009 +29 NOV 2019

1-02781.0

i"" uae

TES DEPARAMENT OF STKTE:

a

eg

meres ry

“.

tren
",1
32,"imc)

ao)

nd

mo

ae

rt

6

as

ree?

spor”

ad

“pet

2P

at

ae

AN

a

me

V

B .

fe

PNiaeig

ot

An

Le

+

ns

eee

south

waht

ae

iy

hy

a

pitt af el

to

.

i,

Lert

ei

Ay

ree

ao

yo

Sh

Wot

Ly

i

aor

pence ey

we

4

wal

es antag BA

ore

wT

uy
",1
33,"at

Pee |

OF AME

af

pm &

{RTE o seont canon

2am

ane

CG

a 4

me

EXEM

TOAVELES

ret

www

a i we

+f

1 a ew

*45

> ae 4 Oe

rae

mea ony USA

as Kun B

‘e247

metee ats

ree Dewanems

a

yA

ut
",1
34,"CA

<@

STATE

SEED,

passP

or”

weve &

502988

Ja

se

”

MP

—

TRAYE

marc

Sen

wa ee

JAN 1961

mite

yao

~ 4

> me >

new YORK us

- % NOV 2007 n

821

qwrEee pscnaneenyt OF

uanrao
",1
35,"ioe

a

we

egy

on

Cc

Nb

—

=a

DA

me.

~~

~~.

P&,

eee, 2

>

+

US EL a,

g:

Surname

VIAJERO Of

Gives +

ees

P

gt

rt

we

nae

na ana

ae

Ame, ICa fu

mp

nm

oN

Corners Mang.
",1
36,"mc)

FB

rd

im

Ke

a)

AS

6

os

win -

2 Pr

A

Jeng, ©

ase)

i

Ss

=

PNVaCis

<3

AES

Cas

5

Mi

ea

ae

fe

4

apn

a

Wy

“4

Poe +

meet

Bt,

AO

22"",

a

tes

le

ie

~~

(xh

an

wee,

pak bttnde

ie
",1
37,"7?

if

$

a?

_

a ©

sth

oA

<< oP

pasened ©

wend *

er

co

988988

Sh

EXEMP

*RAVELE®

o

AN

net ®

y san 198k

prece of O*

we

BORK. EM

at “Swe

aE were etace OSPF

{ A

he

\¢

ve
",1
38,"Ry

ANADA

feveen at pbuvnt A SATE GO N6VE ‘DATE DEMASION EXPY OTE “DANE 01

BANGALORE

22/09/2014

DecUMENC ae cu Scent

17/08/2016

ha. funnies‘ odsames

MULTIPLE

£725815556

corecony  catecome

YW

WORKER’

susie rom og race, “Wrz mat c2 OM

KOTTALIKAL MOHANDAS, ARUN

AQ9POKT Mo Wt OU PASSEPORY

ERGO) PERSONNES

11493797

mec #66 F

FPC

92090913

:

a

sp aneonnse

2

panna nS

u

V<CANKOTTALIKAL<MOHANDAS<<ARUNK<<<<<

11493797 <31ND86 1006 1M 1608 17 127255155
",1
39,"as

Vee

7 x

ergy

a

«ae

~

Pep x.

AN.

ns

<—

N

~8

A

fy

~

A eer ~

oy Sa

~~

we

7

Ne

A

te

ATES OF +.

tk -

x PASSPORT CARE

a

nae

=

Nahonatity

‘7

na

Surname

EXEMi

AVELER

Given Names

HAPPY

z

Se

Dare of Birth

M

1 JAN 1981

Place of Birth

 Neowe

e

NEW YORK, U.S.A

boty

Expires On

a

aad? Nov 2009

29 NOV 2018

NAT a

1-02781-0

‘ae

We

Ty

UATED SQATE® DEPAMTMENT OF STATE:

ae

A)

""ag

men

9, ry

ne
",1
40,"“=

AZARBAYCAN RESPUBLIKAS! - REPUBLIC OF AZERBAIJAN

PASPORT TipiType

Otkanin kodu/Code of State

Pasportun nomrasifPassport No

wou

AZE

X11000344

moa passport PG

Soyadr/Surname

HUSEYNLI

HUSEYNLI

Adi, atasinin adi/Given name, patronymic

ORXAN MOMMOD OGLU

ORKHAN

Vatandasligu Nationality

AZORBAYCAN/AZERBAIJAN

Doguldugu trix/Date of bith

Fardi identifikasiva ndmrasi/Personal No

CinsijSex

K/M

Doguldugu yec/Place of bith

15.03.1975

30LUV5Z

ae

AZORBAYCAN/AZE

Pasport sahibinin imzasi/Holder’s signature

Veriima tarixt/Date of issue

Etibarhlig muddatifDate of expiry

02.08.2013

01.08.2023

@

&

Pasportu veran organ/Issuing authority

abso,

DAXILI ISLOR NAZIRLIYI

MINISTRY OF INTERNAL AFFAIRS

Mls

PCAZEHUSEYNLI<<ORKHAN<<<<<<<<<<< <<< <<< KKK KKK

X110003442AZE7503153M230801030LUNV5Z<<<<<<<86
",1
41,"~~

teas

cn

2

SI

>

Coe ow

oN

Mey See

aN

wo

—s

Oey

ye

a

NB

—_

ae.

8

as

~—™

meee

ane,

to

wk

“pen

vin

i

SO Pe deta

we,

a

a:

CA FRONTERA

JON

ee

V3

rm

Date ..

tunaltt,

IGAN

a) noun

ee ,,

we

“Unuexy

ma,

x

ye,

—

8

re

fons,

Y}

> 4

Mie, Ra,

x

i

S

re

ven

T4 TR Man

iar,
",1
42,"Yi.

£y _-~

‘eo

SS

—

WY

~~

~

ms

a7

oe,

~~

ui é

—~

a™ -

-™

Pn

- ~~

SS

“ee ©

see

Finu.

uy umanumisios FR

rr

eal =

ss

LA FRONTERA

JOR

Bate «

50 May |

Troreal it,

YICAN

——

ee

ied

Sad

hi

os

i

—

rary

od

a
",1
43,"eo,

KY »

4, Ne

aN

.~

NaS

vo

as

aN

-—™

RS

~N At

~ oN

yn

7

wm ONL

ee

ws

om.

~, &b

_ O's

D STATES OF AMIE xICs.

wr

* PASSPORT CARD +

ae

abies

hay

e+e

ras

ane

USA

Cy

186

Surname

EXEMPLAR

TRAVELER

Given same

HAPP™

c

eat

'

1 JAN 1981

M

fi

=f *

Place

n

New YOR

SA

Eaperes on

0 NOV 2009 29 NOV 2019

net

10278) 7

-

@ zRKi

oa""

GabtThe GSPARMFMENT OF erate

sme,

wg

7)

Seng,

=.

fu

te &
",1
44,"sa

PADIRIVEIRMSELICENGE and SIE

TUICE

Sec

RY

Da

+

ia

CAN

eSmik

POU IC

eRe

Test cant

can

. name gel

ie 4

issued: 2018-Nov-01

pos: 1973-Aug-03

Expires: 2023-Aug-03

Restrictions/

™,

Class: §

Endorsements:

Sex:X

we 90.0 kg Ht:183 cm

Eyes: BRN

Hair: BRN

pate

910 GOVERNMENT ST

VICTORIA BC V8W 3Y8
",1
45,"’

:

f

British Colu

mb ia

“CA

SAMPLE,

DL:1234562

TEST CARD

Issued

2012-Nov-30

pos. 1987-Apr-06

Exptres: 2017-Nov-30

Restrictions/

sb

Endorsements:

1

feos

“

Class: §

Seagate

wt $1.0 kg Ht175 cm CorcaBrA

BRELISH

Sex:F

Eyes: BLU

Har: BRN

910 GOVERNMENT STREET

VICTORIA BC V8W 3Y8
",1
46,"AME

«af

aro’

paste

gate

UNVTED Teer or” © c

305988

4

""hh

- EXEMP

wa 4h

,eF

HAPs”!

se

1 Jam 1961

“ft

pe |

eer

t

new YORK J $s A

“et ""Wiow 209 ve

a

(Vane

ant oF

veer

ense rr MTOR

Pe al
",1
47,"ae]

F8

F6

F7

aa

i

©.

an

uf

>>

yar

7 PASS

Jendy, “

wa

mse)

B-

ts

*

Nae ie

A

at

aS

uy

an

44

ca.

wy

al

a

oes

tN

Fon

At

tT.

wie

&

ee

Dt

&

ry

nS

wee

*

Qo

‘

NC

oN

or

oy

wait

oh

BS

a

ve
",1
48,"ae

HE AN BOK TE Hat

Ti Sos

x

ae ae

Le

LAU

2 LAN

tly ae

tH

1981. . 08.03

m-

FP ROMTL.

201

2..12-

wi2.11

BME

NP

seep

TES

ae

RHE

Va Ate

H1234567

RTE

THIS CARD IS INTENDED FOR ITS HOLDER TO TRAVEL T° THE  MAINLANG ‘OF CHINA
",1
49,"eas

os

ars

ee

a

Vy

Lae

ag)

ronia

Gy,

~~ —

EW KY

Lé

AN

MONT anon

B

o 4”

ew.

~~

mason,

soy

era,

Manoa

Ps,

Meremcty &

‘weconene

eS

he

te

Bane

YORK

=

tee,

‘aw

Nees

wh ons

he

Surname

Mints

VIE RO OG LENSE RA

T oe

Given Nemeg

“

Miss,

""eS

a

came

Nebrg.

io

rt

ae

7

ae

ne are.

ae

ee

a

New Hamp

ra -

~~

New Mex

Nee,

Ame, IC,

aru

REPUBLIC

North Caroli

@Acan,

EMA

MT 2012. au &+ GEO,

ATLAS

@
",1
50,"2

=

ATES O

F AME RICA

af

AO*

UNITED

esrorT Cf

gesprt a NS. *

‘

s

Nato ty

C6 3008088

a

a

USA

Saree

EXEMP

s

TRAVELER

capers ""Mtns

HAPPY

ge

1 ate sf Stn

M

1 JAN 1961

Piece ot Buin

ab

a

NEW YORK U $A

So NOV 2009 20

-

W5431821 97

UNITED @RATEO OOP

amrenan? a

(as

7

é

mA
",1
51,"' fy

Vee

~ ky .

=a

NTN

_o”

ie

x ON

.~ NS

cS

SN

Na

~ 8

~w~N

=

=,

5

wa,

ey

fx

een ~~

~—.

~ uN SE

Se

wo

~_ +

.~

a,

\TES OF AMERICA

QUNITE.

Le

-~3PORT CARD

”

xe

Passpon Card no. *&

ak

Nationality

USA

C03005988

Cond

Surname

TRAVELER

EXEMPLAR

~

Given \ames

ws,

we

HAPPY

ny

Sex

Date of Bittn

M

1 JAN 1981

» ate

Place of Birth

HYG Pon,

.

MEW YORK, U.S.A

3

Expires On

wy AP Nov 2009

29 NOV 2019

1-02781

2 ae

iat

TR DEPARTMENT OF STATE

BN

4

Tag

Up

at
",1
52,"pt

As

ae

as

georT CARO

vay

pasaport Cant N& ‘

wat

co3

.- %

wre

EXEMP

~~

TRAVELER

pen Senet

Sen

Care of Bien

re

a""

~ 4 4

Pace of Berth

MEW YORK. USA:

mov 2009 2

Maer

a) enarse cspamvarunt

e €
",1
53,"iz

ao)

me

ae

16

A

e

o

fe

pt

te

pur

apt

x

tO

“.

B-

set

- ot

PNides

ae

Me

fae

fe

wr

co

nen)

Sin

oa

ra

te

is

at

Be

a

ant

7

Ey

ants

a

en

Cd

rt

eye!

%

Ny

ap

WaNNE

sy

ah

oa

ey

ie

1;

Qe

ng

i

n

4

ie

—

eo

8

A

a

toad nr

ea

nb

4

hat

hee

A

iP a
",1
54,"s

ty

Cry

we.

as,

Lé

AN

o 4”

ORTH anory

wow hae

on

menmcris

ea,

SO,

Meremcony -*

——

SS

- &

YORK

ORAS,

ae

isovant!

OOS oh

$e nua sacs Pails Ou

3

Surname

VIAJERG Di LAPRONTERA

Given Nomen

oa

i fo

Ne

198

wwe. &

Pe

od

een

=

wigs

aed

eg

5 em

a

I ee

New 1.

New y

Amer 1Ca ry

DO

REPUBLIC.

North Ca

AD)

EMA

2a12, AQ

GEo,

TLAS®
",1
55,"ao

a

lo

ate,

ae,

-_

E3 KY

Peas

.

“ae

tome

Me

u 4

H aKory

owe

ota,

UMonnor

x

Merenpery

wraconen.

ower t

iw

ty

a

t

Nant

tec

ae

yb

oe.

Sea

YORK

a he

ae

haze

eo

were

a wh

‘Ss AY

Bot

Sp ye

WAS SD LP

samusion J

Surname

Ai,

et

Given

Nationalit,

a

ces

ate

a

ed

a

Nee

€Amer Ca

FU

Repub

®Acan

MIA

”

Comme,

T2012, 4 Ps,

oN

GEo, ATLAS,
",1
56,"4

(We

i

\

AS

Of the Cited Sats of ne

ince fora

crea

a

vi Pe

ay

Front

pusidtftlesmems dar,

Belin ian,

sc

se.

oo

os

.

“DORATHEE OF Deane. os DTURED:

es

fa

apsnore

ay

SSNS Cit

1

ty

ere tp Le

peren

oe ae

1000033

sa

wine honlleaie

ie

mo:

fe

ne

Tare hme eee,

FRANK

Tuten eal: Rema

me

a

UNITED STATES OF AMERICA

Desalnar bree ratange fase aperns

01 JAN 1950

et

Parag banc te rscane li cava

SeSeitien

WASHINGTON, 0.C. USA.

M

Boeat ne

epics te

acer Rated

=9t

|

i""

United States

‘eclearten ae deen Fabaca aie

EP Test Sample

MAR IHS

(reds et Slee Aas

‘See Page 27

ae

PKUSAMOS S<<F RANKS S66 CELE EK E EERE EEE KE

100003 1063USA5004013H1503025700000001<786696
",1
57,"a

ths

A

a

y

a

7

()

7)

ev

©

vo

i )

Y

Ya?

as

4

pe

yo!

“~ 1a

pae

an:

+O

Bp-

wee

AltGr

at

~

oe

a

7

1d

“sy

i

peers

yi

ry

fe a7

Bid

A

wr. Maw

wa

ead

ey

5

aed

FS

tat

ron

zu

in

pnah dt!

ig

ee;

ve

ce

Ne

y)

esi

iy

i

vee

ot,

a
",1
58,"Ve.

\ 7a

“er

QI ry

ao”

“GN

“NON

XN xt

“s

SN

Na

oO

4S

« *2

een.

>

Se

~

“. .

ah

NMED STATES OF AME

RICA

* PABEBPORT CARD «

ke h

Ss

1%

Passnoern Card no. *&

= s Nationality

-

€03005988

<a

Surname

hte

TRAVELER

Given Names

EXEMPLAR

Woes

wr a

ve

‘ HAPPY

M

1 JAN 1981

Place

NEW YOR

estoy

Sto

‘a

OV 201i

rd

a

ane

Tee Dera

sein

¥-

‘Se

Teta,

Ugy,

”
",1
59,"Vere

> BS

Os

NY

“~~

NON

tas

wy

~~ aN

8

~ A *

wo,

*%

& o>

me

~

Ny CAA een

ee

~ See

aN

“

~ &}

“

.

Ur.

STATES OF AMIE RICA

>

~

,SSPOAT CARD

a” *

eae

bassnom Laid no

x

Nataly

CG%005988

V

$

USA

&

Surname

‘s

TRAVELER

Given varres

EXEMPLAR

HAPPY

¢

'

Sex

Cate of eth

fa

M

1 JAN 1981

Piace of Bit

ais

‘yt

ype

NEW YORK. US A

Eames on

z

ad

29 NOV 2019

soopee®

""36 NOV 2009

102781 ¢

a

.

\ yeeens @@aTSe OP

AATMENT OF STATE

oy

A

me a> . i.
",1
60,"ie]

are

ats]

F6

F5

iw

&

a

6

sITEY pass”

+O

eS

B-

BET

Ss

Att Gr

Res,

oy

as

4

a

rons

,

ny)

we

aight

3 aXe

Nes

sy

Bry

Any

""y

‘

HES | intron,

or aT

nee

we?

Ns

meh?

a

324

ys

et

rh

sos

3

ae

wet

a

or

ed

ow

ANY)
",1
61,"7,

. fy

ley

is

—&*

Se

~

~*>

SONS

7 ~

aN.

™

a

Aye

~8

os

os

Saas

YM

“My,

“

££.

>

at

en.

~~

se

lms

~~

ye Bb

we

ie,

ta

SS

Be

._/

_y

sont STATES OF ‘AMERICA

*xRPasePpor”

TARO

xk *

yu

Passpon Carano. *

Nation=

C03005988

.

USA

“en

Surname

“XEMPLAR

TRAVELE

Given wo

ms

bet

HAPPY

-

¢

Sex

{

e

ey

1 JAN

oa

Place of Binns

oH

age

NeW YORK. Ub

Expire

NOV 2009 29 NO,

rm

are

aise oe DEP AMAMENT OF STATE

‘7

re

Same,

9g, ry

ad Y
",1
62," #

if

1?

/?

sae,

ma ~

ret oe ""

=e Oe

-—

— oe

a amet

Qa eT a ete te OF

uN

agemeneret

"" %

ha

rr
",1
63,"cd

imo)

ad

PS

ma)

Fal

A

on

oO

Se

we

ot

mH!

Ad

pare

A

aa

mse)

te

‘EB

Nach

on

74

oe

Eza

sae

a

BYys

ate

ME

a ee

a

€

sats

od

we

aa

meme

wy

—

ra

Ve

wt

25
",1
64,"fy

Ire

7 ~

S.)

sh

ergy

_ &”

es ad

NON

~~

aN

~~

N

8

A

[2]

om

8

ex

~ FEN.

SS ee

~~ Wh

Te ae

“my

mM

Me

Secee,

S OF AML.

STATES

: x PASSPORT CARD *

Passpai

¥

ay

Ww

Nationality

na

CO3005

Surname

A ER

EXEMPLA | °

Given Names

r

HAPPY

*

y""

Se:

Date of Birth

«ott

st

M

1 JAN 1981

ae

Place of Birth

Mowry,

NEW YORK. U.S.A.

:

Expires On

™

+f

AB Nov 2009

29 NOV 2017

82197. .

1-02781-0

e

wn

UNITED SOATRO DEPAMEMENT OF B

.S

“nen

eta,

9, ry

Yay

i
",1
65,"oo

wl

~

ca

om

” se

EW KY

ry

'

”

Le

4 oN

san

2

u 4

PM Oa ry

care

Be cae,

enna

can

Peano

Moweences

Ne

ff

mF

a

aR sK,

YORK

-

Ne

$

WOOL Sue uP

snumams TB

et

W =

as

cn

ons

eAmerics ry

TT DOMINI

iD

PUBLIC.

oa

CADEM A

ae

MT 2019 APs,

SEO,

ah,
",1
66,"Ure,

Ly .

ww.

a7

RS

de

vw

oS“ NS

Saas

fr

aN

SN

.8

we.

Db

ff «>

Ne

a

~ FNS

so

ey Soe

<< o

woBN ot

Sexen,

s

>

we

Xe, ea

Me.

i/o

\s

F AMERICA

“UNETED S1-

,aor

k *

Zn

~t

PASSE

vasspon Card no. *

a

ae

(503005988

Surrame

TRAVEL

EMPLAR

c

G

.

HAP

Y

Sex

BS

M

Via

of 4

Place of Butn

“be

NEW YORK, U.S.A.

Expires On

bm

‘aad “FB NOV 2009

29 NOV 2019

4-02781 6

WN upserme Gabrue DEPAMTNENT OF STATE

ae

oa

a

Cun,

""ag

Sam Brie

Tu

Uy,
",1
67,"e 4

t

Pe

ah

AME

x @

ATES -~a~ano*

as

oo at

4

care>

ea es?

=e

wee

a8

i.

exXEMP

“ae

oa

Pad

sa

ae 2b

“<*

—

a @

—

-_

ene ee

ee aE

i

“oF wpe

is

—.
",1
68,"ESTES IR a petite na

a thee

Tee

ul

Ay

\V

C

fe,

Gs

se Onder ta;

Of the United States,

a more perfect Union;

drone pte Fianigueile

promote ieee ‘Welfare, id sbeyne

Liberty to onseloes and’

conedainn andl estat

ely

af

2

hs

cart

Pr

E / FIRMA DEL TITULAR

&

if.

a

et

PASS)

ODN ATT

aS. OU

AyD

ea

iG

PA

is

Ki

fi wy

Sumame /

mi

SA

ALFA

cf

Given N:

INCA MARIA:

ity / Nationalite:/ Mg

“UNIT

ED STAT

birth / Date di

Date. 5

ec 1979

8

df.

birth / tieude fal

teh

exons

it

AS, U.S.A.“

pe

Date ofissue Date fe d

tal

Be

ss

rag

es

ota

Sais

et

be

LOS

CC

SS

Se

4<30

SS

SASS

ASSESS

Se
",1
69,"~

A

22

oN

o~

tag Nips

ai

aN

ad

Rey ~~

ei

na A

4.9

$

~~

mae

ee

“ren,

os § aww.

~

cua TB

ot

So

_

:

Soe 4

VIAJE r.

“CRA

LS edeehana

eee

ee ere al,

_) Pana

we

a!

a

ern,

aw

Pam

ye en.

ace

lee

mo

oe

ay,

on

Qe’

>

Re

iit

i el

Vy

BJ

cd

Sr, TE Ma,
",1
70,"za

fy

vee.

a

Ne:

1

NT NSE

we

wN 1

y

oS “

Ss

~N

“_

ia

Ny

~ AON

~-,

uy

ss

a *

>

~~ Ses

TA

een.

ee

> STATES OF AMERICA

~

* BASBPORT CARD *«

KRY

*

Passpon Card no. *

& Nationatty

C03005988

aN

Surname

EXEMPLAR

wees

TRAVELER

Given Names

HAPPY

ito

wee

rae

x

Date of Birr

t

1 JAN 1981

M

Place of Birth

agp

NEWYORK. U.S A

E cpires

29 NOV

a

Siow 2069

La

29g 20 parameMENT OF Te

¥ -

x

Tee,

“ay

> tee
",1
71,"UNITED KINGDOIM OF GREAT BRITAIN AND NORTHERN IRELAND.

Pass#oRT

“ypetTipe

Coderade

Passport No.N? ce parcepart

PASSEPORT

P

GBR

794234567

SurnarneANom

Gyennanestrenoms

CRANWELL

\ationaityiNationa ie

ANDREA CHARLOTTE

Date of bir Dats ca naincance

BRITISH CITIZEN

ei

O06 AUG /AOUT 69

SexBee

Place of sirt/Linu de nalssance

E

LINCOLN GBR

Date ofissuerDaw de célirerce

Autbaray/Amorté

ra

31 MAY /MAI

a9 FC

ave ofexpiytiana mexican

Homers sgnat re/Sigratne au muare

01 JUNE/JUIN O09

Po

“atc w

P<GORCRANWELL<<ANDREAXCHARLOT TE << <<< ehhh <

79125456 74GBR690B06 TFOFDED I0<<ccxexeeecccc00
",1
72,"We,

v

Sa a

a

te

nos

GG

VS

oA

NCA

™

an

~N

<<

oe

~8

te.

0D

a

rue

Y

.

+

Ae

a ON

—™

~ OX}

<_

. e

aS.

SA es

“My

“~e

c/

ay

os

Beer >

tee,

2ICA

gQUMITED

STATES | Cc.

xk *

te

*

PASSPORT Gs

tno

*

i)

Nationality

a

ne

~

USA

Ay Surname

Ss

TRAVELER

Ex

BS

Given Names

HAPPY

or

z

Sex

Dare of Birtr

M

1 JAN 1981

tft.

Place of Birth

ge

NEW YORK. U.S.A.

Expres On

ad 238 NOV 2009

29 NOV 2019

2187

1-02781.0

WU: UNE.  dbree DEPARTMENT OF STATE

ba

ss

""®tep

x

Cups

ety,

Sree

Bry

ey
",1
73,"=

Ne

—

Coen

~™ A

aa

_

~~

ene,

—

a

on

=~

tee

+. “een

Nee

| eed

so

QORSAURALD SSUASILEES LUF aft

~ thom gf

Surname

4

VIAJERO BELASIIONTERA

a

Given Kearney

\ 4;

an

ree

eed

—

eee

©Ame,. Ca ry

“ita
",1
74,"ke

cr

fa

=]

rte]

=

rare’

i

U

~=

oa

‘B-

yNiac sf

ao

om

Su

~~

ne

as

“a

”
",1
75,"CEDULA DI

REPUBLICA DE CHILE

IDENTIDAD.

SEIVICIO DE REGISTRO CIVIL E:DENTIFIZACION.

APELLDOS

we

FREDEZ

VIDAL

wonnes

MARCELA CAROLINA

HACIONALIDAG

Exo

=— =

CHILENA

F

FECHA DE NACIRENTO  SMERG DOCUMENTO

21 FES 1982

100000001

a

PRCHA DE Rentiond

FECHA DE VENCIMIENT®

1 SEP 2013

10 AGO 2023

FIRMA DELTITULAR

:

vee

deco

Nee la

RUN 12.749.625-K
",1
76,"ied

F8

F6

ne

FS

FA

us

o

ae

aT

ctf

port

Nive

ase

an *

Ase)

B _

te

= 3

ve

Alt Gr

2,

a

‘te

ve

9)

es

a 4097

us

By
",1
77,"Cid

te

xs

hd

27)

c

ea

we

EJ KY

on

An

“A Oey

cu”

a

ae,

—

enieen, ip, Macon

Sak,

Se

eae

- ie

o_o

—_

WNL, US Lup

Surname

VIAJERO 0G t AegiROINIFE RA

Atnp

Given Nanay

MM,

r

ard

=

a

Nebra:

Sembamsiedientay

New Hamp,

le

~.

New Mex,

Cry

Ame, IC

ary

REPUBLIC.

North Caro}

CADEM) A

MT 2012 A,

PS, G

FY

FOATL Ase
",1
78,"an

Gy,

ue

EW KY

ite

ia

AN

LA

uA”

erm DAN Ora

ne

senmecrs,

a

uroanorg

eral

tine

hacen

ee

YORK

soe

oon

wee dk

Ss

Surname

VIAJERO S6-LAPRONTERA

Given Nama

Nationalit

oo

“AS

Exgeies On

20 Man 3022

7e

et

a

1-080245-3

ASA

Cano

eee: es

en

s

Ame, ary

Tt DOMINK

REPUBLIC.

‘AD

BA’

Ema

MT 2012.

“Ty

AL GEo, ATLA,
",1
79,"aed

aod

aa

F6

F5

'

i

=

po

TF.

por

po

pA

a®

wit

=

ae

am

ps

| a

PNiae's

sth

at

ws

ys.

a

Fi

ae

aad

ere

C4

Fs

te

‘e,

~~

ep

Mood

te

4

srs

er

va

aad

—

=

us

tas

=

3

ig

ay

cee
",1
80,"ANS

ve

gay

Sak

woe oN

.~

<—~

hee

=

a ee

ae

~ SA

-_™

<<

~~

rm

fon

“ren

&

en 4.

aA,

on ©

-. “oe,

POURS bo

We

Surname

VIAJERO

OF LaemowtEnA.

een

PE eens,

Given aa”

ae

wes

te

aca

——&

any

we

a”

A one

Sa

pins

Ty

an

a

—

a

Ten

3

ay

ig

ekg

&Am
",1
81,"my

tre

7 x

wa.

a

an &”

«de

NOS

~S

™

fem 5.

AN.

—

N

~~

we

&

ow”

a

4

ar ee

my

yee

ne

a

“4

tn

~

*

2ICA

STATES OF /

A PASEPORT CAF.

ano. *

xe Ff

wu

eee

*

Nationality

on

na

Surname

EXEi

TRAVELER

Given Names

HAPPY

¥

x

Date of Birth

M

1 JAN 1981

¢ ¢

Piace of Binh

aM

°

NEW YORK, U.S.A

Expires On

eae

aad BEE on09

29 NOV 2019

a 07

1-02781-0

saat

uerteo

GQh Tee CEPAMTMENT OF BTATE

/

hy

""aay

Sam Sri

9, ry

Yep

tn
",1
82,"Quen

—

wa?

—

-_~ <=

TF

-

oe

~~

oe wT

. =e

-

~~

7

Surname

WAJERO

Given

apogee

pees

a

ay,

sets, Nie

eee

nes

ve,

“Amen. a ry

Mee

LC
",1
83,"*

oH

am,

Nel

19)

“ft

9/02/26

eo

L72Q1SOB7?

china eeiogre

mu

a

Wel

WORKER

an

(i im “routs rom

R, HOSSI

GAKIR. HOSSION

icy ipervommat

Fara

463004920

Tae,

92665956

PA,

tT ce mT

v4

BONER KEELE

OLTMTSOLIM ETE

Sed
",1
84,"te

- fy

>

2»

a

—_ &”

NU NRE

AN

~AN

™s

SoS

~~ Aa™N

we,

Bi

>

>

ty, &

“™

“~S

~

a Se

ED STATES OF AMERICA

at > yx

“kk MASBBPORT CARD*

a *

Nationality

Passpon Carano, *

U

C03005988

Surname

EXEMPLAR

TRAVELER

Given Names

HAPPY

ws,

Sex

Dare of Birth

e

ny

M

1 JAN 1981

ee

Place of Binh

Re

°

NEW YORK. U.S.A.

Expires On

a Mom:

29 NOV 2019

“os

‘Seat

J ABN 2009

41-62781 &

‘soos

TRE DEPARTMENT OF STATE

a

x

ekay

Urey,

te
",1
85,"ae

eee

faa

Pe PASSPORT

PASSEPORT

WNIKTED)

oe

OP A WIERICA

PASAPORTE

DST

asport No.‘No du Passeport/No de Pasaporta

USA

BABYBIRTHDATE

SumamsNonvApatdes,

Lor 7. ©

LAST NAME

oe

od

Given Names/Prénoms/Nombres.

§ FIRST NAMES HERE

& Natlonalty{Nattonalte/Nactonalidac

UNITED STATES OF AMERICA

ato of bittvDate de maissanoe/Fecta de nacimientn,

27 Oct 2013

a

Plane of bintLieu de nalssance/Lugar de nacimlanto

SauSare/Seno

CALIFORNIA, U.S.A.

-

M

oe

—-. “ ___

Date of isue/Date da délivance/Facha de axpedicion

Authorityisutontarhutordad

17 Nov 2013

United States

Date of expiration/Date dexplrationFecta de caducldad

Department of Stat

16 Nov 2018

Endorsements/Mentions spéciales/Anotaciones.

BTL

(SEE PAGE 27

Fie

ne er ett arate cet are

P < FIRST NAME < LAST NAME <<<<<<cceddddddddcdccddcd

27/10/2013 << YOUREMAIL@DOMAIN.COM <<<<<<< CITY NAME <<
",1
86,"Fass

An

AT ky

oe

a Maa,

cM

+. we

~~

Coy

~a™

“_

~~

Na é

~~

~~

eee

~NS lb

aes.

one

Bn,

ARS Co

“a,

Surname

MALE Mise 3

""%

VIAJERO

oo

Given

OF LAPRONTERA

en

V'

Nationatity

ns

a, Moran

Chem

‘ervey

“Ae.

« Teese,

a

wer

— ue

aes

> 4

Stim Sry

ane

S

ies |

|

ke

Te TEs Map

a
",1
87,"My ky

on

Cy NS

«x

ee

Ss

—N

“~

7 o.

wm ON

tN

al

ne é

~ eA

~ TS

Ye,

—

~~

me

ancy, Me,

£0.>

~

Nay

eo.

~

em

“lian

“Us Ut Be ey

uma Views

2

Surnarnie

VIAJE

siven

RO OF LARRONTERA

Nemag

Qaia of

mes

Netipaain,

= eS

on

+ wame

ee

ore eee

Ca cama iy

=

oon

bee oe

ae

oa a

-.

—

—

a

1 Py

2

oy

Ak

5 oe, oe

“Ame, ic
",1
88,"gas

+N,

VS

VN

N\ MSY

“>

™

aN

ane

8

eo

sy

& >

“2

™“y

a

~ &*

a ng

SN

as

~, &}

x_ ™'

Wr

‘STATES OF AME xICr.

ar

2ASSPOAT CARD+*

* OK

7

Masson Caan oO

Ss

SNvatwrnal by

253005588

A

USA

a

Surname

TRAVELER

Given “ates

EXEMPLAR

¥ HAPPY

Care

-

t

1 JAN |

981

-

M

ae hy

Oo

Lt

4

Prace at Sith

2

NEW YORK. US 4

‘ny

Y

Lepres on

s

-_>

019

+

Fa

“I

*36'NOV 2009 29 Nov 2

0278)

@ebtse DEPARTMENT OF eT

ATE

a 98ers

ey

Lv,

Lae:
",1
89,"aad

FUHRERSCHEIN

&

on

REPUBLIK OSTERREICH

oes

os

OOLLL DER EURGTAISCHEN GEMEIBSCHAE EN

Beanies a et

1, MUSTERFRAU

MUSTERFRAU

2. LISA

‘dake

3. 1986-01-01 GEBURTSORT

Aten IOtpeneee

4a, 2006-03-01

4b.

(Bua oe Conch

rising

fentee

fatee

a

4c. AUSSTELLENDE BEHORDE

Pataca

5. o65000c0

‘stm

eamig eras

cosets

mR ane saie

x omc

beds

hAWS

Frey

arta da

9. [AT [B

‘Seana a

oi

my
",1
90,"ee

ns

»

iC

v

a

A

om

RV gy

‘Ng we

~

“>

a

‘3

4 oN

TM anata

c 4

4

~~.

7a

a0

Dan.

Mrommccay > of, WCONORY,

eet

ce

te

en

—y

woe

YORK

we

a

ee

eae

VRRULELALL UMS EU a Oe

Surname

Merny

VIAJERO 06 t AGERE RA

Given Nemag:

von

re

Misso

«2

Nebras,

ed

wow ee

aaa

le

cd

New Hamp

ed

an

~~

ma,

New Mex

Sere

Ame, ICa

Sy

V DOMIN

REPUBLIC

oth Caroli

‘ADE,

‘Mt

Comms,

M2018 AP Ss Seog,

Hg

(SY

Pare

a
",1
91,"OF

RETA :

a0

ee nesror car

zr

~

~)

amon!

eae

TRAVELER

ww wee

¢

mn ft Oh

1 Jane 1908

Sf.

Wane tf Ore

mga YORK USA

‘SS

Se can Sahree paragemtucet
",1
92,"’ fay

Ver,

QI ry

—o”

NT NS

SNS

A>

™

AN.

SN

At

w.,,

Qo

& >

a

~~.

~, £

Se

_~

a a

OD STATES OF AMERICA

am

* BPABBPORT CARD

x *

Nationality

+e

Passpon Card no. &

USA

C03005988

~

Surname

EXEMPLAR

~~

TRAVELER

Given Names

wes

HAPPY

Cate of Sar

uy

Sex

M

1 JAN 198]

%

Place of Birth

Say MO

*

So

bet

ye

NEW YORK.US A

>

AB Nov 2009 2

NOV 28

Cas

T

my

Tae QaramrwknT oF

cM

¥-

x

‘Sp

Tay

“Ame, 'c, 3 ry

Ory

”
",1
93,"co

FQ

a)

Fe

ze

ie

5

i

Fs

aS

awe

em

wil

mse

ea.

B- ..

ate

rNiaC

—_

=

om

se

pa

ee

7

ae a

A

ie
",1
94,"OW ig Ey

es

oN

o~

~~

se

2 me

AS ~e,

aN

aed

=™

=~

ne é

~~ ON

~™

_~

axe,

~~

&

Semone

Soy

fo

=

aon me Mo

pn

wm mag

SWORD Beas Urenumiacon TB

“ey

Surname

VIAJERS OF LaBRONTERA

~—

Given

Aha

he,

nN

ew oe

Sees

wes?

ere

4 we RS

9022

etree 7

or

ee

2

ance

MO CARD

a

NORTH «,

SE

ae

Bhs Ste.

x

wait

S

)

y -

Map

es

or
",1
95,"Za

,

a

NUN

me

vN

~“S

NON

“s

‘Tom 4.

AN

SN

Nv

~S

~~

oD

oy

‘

at

FEN.

~,

Se OSS oe

~ RS}

i.

aes

oS

omy

ne

./!

Se oy

hee

er eS

STATES © ~ AMERICA

Qrarey,

PASSPORT

assport Card no.

s

u

Nationality

Cy 3005988

n

U

Surname

IPLAR

TRAVELER

me

Es

Given Names

HAPPY

Sex

Dave Fc

“y

1 JAN 198)

M

Piace of Bicth

NEW YORK. U.S.A

Expires On

ye

“9 NOV 2009 «29 NOV 2014

21-87

1-02781

useeaD

TRG DSPARTIMENT OF STATE

setts

aan

A

Aa

ra

vi)

‘Rig

aig,

me

ry

“gy
",1
96,"FUHRERSCHEIN

habe

by

MODELL DER EUROFAISCHEN UNION

|. Mag. MUSTERFRAU

Aes:

2 MARU

3. 31.12.1981 WIEN

4 18.01.2018

45.98.01,2028

4c Ausstetiende

§ 12345678

RAMS
",1
97,"_

&

9

ie

isto)

ale)

ae)

ed

oo

yw

Tt ee

aas®

a ae

ase)

aad

»

aBES

ENaC §

a

sere

Fase

ot

aia

a

ye

ay

ans

Ra

Pipes .2)

obs

mee

ei

Tee

<i

we

wiki

f.

re

re

wee

oN
",1
98,"' fy

Pre,

Sag

~

6”

~ Nags

“ ~“ aN

xa~

q =

we

my ~

Ab Pe

~8

SaaS

uD

“™

te

atk

eS

ss

a

~~

~~

_-

oN

ow

ahs

sé

~

ae.

Te

\F AMERICA

> STAT!

RO *®

*k*

*£PaaePc

Passport Cara@ no. *

¥

National

C03005988

~

a

Surname

TRAVELER

Given Nar

“EMPLAR

ms

HAPPY

Sex

Lau

aay

1 JAN

#

M

Place of Betr

“”

ey

NEW YORK, USA

Oa

Expires,

add 3S tiov 2009

29 NOV .

rr

ih!

jie DEPARTMENT OF STATE

.

nny

4:

Sime

9. ry

ad Y
",1
99,"fac]

F8

ad

F6

2

pf

PS

RS

ot

os

“ao

ont

srk

ope?

EX

w

198

oa

3B

ae

eae”

Be

Alt Gr

ae

et?

ees

a)

Lo

i

tae

aS

Fa

see

ay,

ae,

=y

br

=

iv

Le

3

PER

wee

~=

Be

b

Ne

7,

Zo
",1
100,"TES OF AMERICA 4,

PORT CAmMD*r

sabi ality

eee

Passport

USA

£03

Thane

EXEM

TRAVELER

Qiven Name

HAPPY

y

ton

Ome of Gm

t

uM

1 JAN 1961

Pione of Birth

MEW YORK. USA

‘a

Wree 2009 2

v7

rao ewrae o

araneanunt @ 6
",1
101,"imc]

a

fB

t6

a

_—

A

AN

O

re

At

E

ant

a ea!

gt

ey

we

+O

ee

B-

atk

Alt Gr

meas

Ny

Yas

uS

ua

ve

wy

oe

oe

ie

ie

a

es

ae

Shan

BOYS

o

ee

Sie

0

an

ey

ny

so

Rts

i

van

oo

a ee

we

ny

sy

y

Ry

vee

1.

a

We

se

ra
",1
102,"a

t

i

ioe)

be

ie

a

fame}

4

N

i.

eS

ray

=

SS)

U

at

ape

a4

tT

at

art

= pase

e

+O

B-

ace

Alt Gr

ae)

=

PRY

a

as

v

AY

RSS)

an

a

Th

Si

ay

oe

I

\

rake

io

a

ch,

>

a

Ri

y

ANY

wn

Uy

oo

as

roa

ay

ie

RG

Ms

Sea oe

Ye

AY

X

ow

la
",1
103,"4

~~

aw

a

on

ty

x

Pw

~—

-_~*S

wy

re

™

~

ue ¢é

ans,

~~

~~

mis,

~~

WOR oa

~ ‘

ne

aN

7

ow

mmme0,

Sours,

me

-

Surname

Menno, =

es

Steen

ee

V'

oe

Popo

_) Mun

nae,

ther

Coes,

ote

ere

22

“kh

I me,

ae.

—

Lamas SS”

ry

7%

& os,

nc

teietcy,

¥

8 Man

boy,

cy

Rig
",1
104,"—_

REPUBLICA FEDERATIVA DO BRASIL

PASSAPORTE

PASSPORT

TIPO / TYPE PAIS EMISSOR / ISSUING COUNTRY = PASSAPORTE N° / PASSPORT NO

AA000000

~

SB.VA COSTA

SQBRENOME / SURNAME

~

s

~

~

NOME / GIVEN NAMES.

OANA

NACIONALIDADE / NATIONALITY

BRASILEIRO(A)

BATA DE NASCIMENTO / DATE OF BIRTH:

IDENTIDADE N° / PERSONAL NO

10 JAN/JAN 1981

SEXO / SEX

NATURALIDADE / PLACE OF BIRTH

F

\

BRASILIA, DF

DATA DE EXPEDICAO / DATE OF ISSUE

AUToRIDADE ? AUTHORITY

15 AGO/AUG 2015

CG PINDORAMA

VALIDO ATE / DATE OF EXPIRY

14 AGO/AUG 2025

P<BRASILVA<COSTA<<JOANA<<<<< <<< << £6 <6 6 KKK K

AADQO000<0BRAB8 10 1 109F 2508 14.2 <<<<<<<<<<<<<<02
",1
105,"‘s

FO

v7

re

—

=

a

:

para

Es

UY

a

tan

ae)

B-

mee

Nees

ae

4. eae

rie

may

aS 4,

rei

ae

“3

a

mele

en ee

eg

Pe

ae

#3

¥:

ot

""y ameo AG

sees

=r

a

re

ay

Kreg

mg F

eevee

=F —

we ee!

a

a+

hy.

ez

Ea

a

me

A

at a
",1
106,". fy

ga

Sarg

~~.

6”

“NS

SNSD

i

a“

~

—_~

8

aN

aa ¢

12]

m

%

ss *

atk

een.

~, Bh

ee

oo

oN,

ay.

wey

pase

ERICA

Pa STATES .

x *

* PABSBPORT &

~

aCcardne. *

Nationality

105988

-

USA

Surname

AR @

TRAVELER

Given Names

HAPPY

%

Date of Bintn

sy

M

1 JAN 1981

Place of Bieth

'

NEW YORK, U.S.A.

Expires On

ey Pho 2009

29 NOV 2019

3-02781-0

aay

ons ai

pee Depansaunt oF Stare:

i)

ody

Uy
",1
107,"4 ose

sat

CANADA

Sona aoa

erie

sec Gesu smasion

osszo72015 ©

adecd,

Wee DELME

91/10/2023

recor eso

Sas wen bi

MULTIPLE

724208013

2 cannateveteout

a

Bs

wt

v

WORKER’

loan bined bin i AS.

sweet naar

DADE, LALET KARAYAN SHOBHA

rege

5931803

CHE:

emeomte#

FPA

99926772,

amet bctoavhan es

=

nero: comin ee

V<CANBADHE<<LAL IT<NARAY AN<SHOBHAS <<<

F5931893<31NDG704016M15 10047E7 242043
",1
108,"9

a)

ao)

aa

F5

am

0

eS

a

2

-~ ak

ps:

por

nee

| ane

ee

etr

rNice\s

4)

in

ny

iG

Seu

ans

aS

4

ns

TN

wh

rs

ak:

RY

rR

9

N

xsi

wy

wy

ee

NYG]

a

AN

oy

zi

a

th

Rist

AS

~

ny
",1
109,"tt,

kJ _-

‘e”

we

tim

~~

oN

~ S

not

~Ne

eee

~

ree,

~~

= KN

a3

>

A ee

WRSAMALL Davie.

=

IR

Surnaine

a ee 9

ms wa

VIAJERO DE LAT iN

Guan Names

Nations

od

+i

&s

mn

oy

ee

Pn

ee

Pee

el

= on
",1
110,"CANADA ®:

vi

an

eet

09/112

° 15/ 06/20 19

pecan

tea

aoe

1602555732

jaws

IMMIGRANT

Vomgae: fom oe rauniut sven aaae ‘emo

MURPoRT OU eASNRPORT

MARTIN, JOSLIN

R1609510

2 toon loosen

conte sme +

FPC

wim

42817559

15 Tara ot iN

Reratsd os nmesnencue 5

7

V<CANMARTINC<JOSLINCKKKK KKK EK KK KKK KE

R16095 ""0<7InDs60426¢F 190815416025557

——
",1
111,"a i

ao

5.

¥«

a

ao*

pasaport

cyane &

»

eae

seorr om

aet

Seton hy

603085

USA

EXEM

Surnane

TRAVELER

ae

APOY

¢

Se

tn ot

“

+ ae 1908

wat

ato

<

wv,

mca om vSA

7S Xam 2

=

ome

Lad

a

Ta

‘£
",1
112,"Sg

d Zi

fF

or

af

f

g:

a @

s OF

sth

oat CF

paseoo!

Pee ie *

ay

yreareD

ene

co3

998988

wee

Sh

EXEMP

s-

ANELER

ARP

ne tO

Jan 1981

WN

ore ot Oe

wer O

AK. Ae

Tan aR

ws

wt

SIS

atacee OOF

-)

i \

oe
",1
113,"Vv

fy

+

ky.

Sergy

+,

rT

a &~

x

oN

ts

~~

a

AN

u

a

~

~ ~

ne ONO e

~ &h

STATES OF AMERICA

* BASGBPORT CARD *

x &

He

sw

wt

Passpon Card no. *

=

Nation aiity

C03005988

”

Surname

EXEMPLAR

eo

TRAVELER

Given Names

HAPPY

rca,

Sex

Date of Birth

+

ny

1 JAN 1961

M

sf"",

Place of Berth

NEW YORK. U.S.A.

can

Expires On

‘a RP Nov 2009

29 NOV 201%

1-02781-0

SUIS Ca.

TRO DSPAMEMENT OF STATE

a

¥ -

r

""eg

4

""exe,

Uy,

i
",1
114,"wy

“4

RS

cc)

on

Gy

we

Noo”

Ea Ky

=

“oy

AN

v4

WO Oanaty

oe tne

oH.

esto

Mereecety

aw SE

—y

Manasn,

ee

1m

ORK

=

ws

Om wae’

corn

Sore raw

id

Neos

ah

ch.

$5 meus cmas up

ae

Brey

Surname

ie

pms

mo,

Ki

peat ee TT

———

ee

ABTS

Americ, ry

TI DOME

PUBLIC.

“AD,

EMta

a

as

MT 2010, APs

Stoan 4,
",1
115,"fi

y

i!

mich

ne #

stX

x35 OF

a ysko”

1.908

ene®

port

qeesEh

Wg

oh

EKEMP

[at

NEE

aves

ares

A Ber

Vs VIE

a

ee york

Yor

HON 7

pence tet

oy

UNAT SO

eraree O8F ~

AM

ii

ag
",1
116,"at

TES O

aasspe

an arene *

UNITED © ase Te

G3

ea

EXEMP

=

- &

TRAVELER

yer

= ne tO

1 JAN 196)

wat

ain~

mace to

new YORK USA

a

= ~

WON

mm 2

rere

3. pas neat

ad
",1
117,"»

fat

OF AMERICA

AROD*

= gee

1. ore re

UNITED '

AssPoRT ©

908

Sao arty

c03

«xy

USA

Surrame

EXEMP

TRAVELER

Gree Nace’

yi

HAPPY

%

Late 20 Bite

x

'

M

1 JAN 1981

Pace at an

a

NEW YORK. U $A

SS NOV 2009 27

13182197

-

UNITED GPATE

= cepanrsaunt @

ard

he

pe ad

//

7
",1
118,"ised

ms)

ina

ao

mel

ram

fs

E>

at

ee

as?

rm

an *

A

ae)

we

aw

B-

Bee

Alt Gr

sv?

ae

as

s

ine:

ve

ad

hes

a

De,

a

ent

Sy

af

yy

RyTise

oss

ss)
",1
119,"a

| | REPUBLIKA E SHOIPERISE *

ie

ibiemri/surname

ojli

‘given name

ka

nationality

hr. Jetérnjoftim/card. no.

200000907

Seqiptare/Albanian

duiadja/place of birth

If

birth

gjinia/sex

-0{4

980

F

—

himit/date of issue

data: e.skadimit/date of-expiry:

16*06-2004

15-06-2014

fiimna/signature

Autoiiteti Jéshues/authority

or. personalipersonal no,

MB

1051019999

——
",1
120,"ee!

Nw

bas

<2

al

e777

ae

“No”

— 23 EY

op

ae

4A oN

Yor eon

cD”

ee

me.

oe

steemncin

OUT aan

oa,

Ra,

eee Nid,

ae

onan

Mee

wc

one ae

ae.

Soe ro

geen’ Tonk

a

ee

eee

SHAMS Lareicatisicn, 1B /

Surname

VIAJERO Df LMFRONTERA

Given Nemeg

Nationaliz,

go

2022

a7

2480895.

ite aad

ARG

B

New

ay

New

“America ru

TM DOM

REPUBLIC.

North ¢

CADEM; A

NT 2012.

APS, G

2p

OAT Ace
",1
121,"oe

a

sa

-

cas)

aa

ian)

a)

“

iD

me

Le

iz

oe

wad ee

oo

<

ae

ae

B-

Att Gr

aaa

Fre

aS

t

top
",1
122,"Vn

wwe

SO

aS

NX WSS

“SN

™

we

~~

<

aN

+8

=.

oO

™

4

« *Y

4

~ #°

~~

nee

+

>

—

oD

es USO eo

AO

a hE

.

™

NS oe

r

UNITE...

“ES OF AMERICA

wb

IAT CARD

x *

/

+

Passport Cara 10

*

CH3005988

EXEMPLAR

.

*

*

erevns

N 1981

Mm

2

ths ‘

Place of Birth

NEW YORK. U.S.A.

Expires Gn

| cad AB WOV 2009

29 NQV 2019

021.07...

1-02781 6

aut

TRG DEPARTMENT OF BTATE

A

x

""Steg

a

Cup

t Tang,

Serie

""uy

Up
",1
123,"ae

tc)

5

-

FS

aes)

F

5

%

Y

U

fa

er~

-

~s pas

andy, °

+O

B -

Bes

rN GC's

<3

os

Pr

ane

oe

pops

SY

As

or

a

we compar

ae

Se

SY,

ne

ee

re

a

oo

=~

2)

on

ES

it

.-

i

a

Jats

bye

ca

x

fo

a

De

Sire

>

ee

oh aie
",1
124,"x

wr

or

v

cS

Ot

at

x?

_#

OF

care KO *

stATES

cA

eagsoe

UNITED

ead

oo9

>

EXEMP

*

mE

2%

an

*

oa?

if

20

got vos

1 Tom

————

af

es

Ln

aes

> st,
",1
125,"{ERBCA

=f

ATES

ae

2RaesPor

rsapert

at:

038

Ol

may

am be

OR

wae

aa ae

em asa

— Ba

= D
",1
126,"a

gO

ATE:

Tc

ano

passoot =

carte nO *

as

¢

03005

anonty

USA

EXEMP

as gureame

VE

Cron Sarre

LER

HAPPY

Ser

pate ot HAN

1 JAN

piace ot BI

ais

€

new yoRK. US

""3 Two 7

nas iL tel

emrs®

osP anerent

re

| an

Th
",1
127,"5,

rand

fy

Note

Ay.

My

—-o

Fm

we

an

~

4

~

th.

AN

os

~~

N

8

o.

fy

4

ac’

~~ FEN LS

Ne

~ &

So

“eS

She ty

aS

STATES OF AME

gee

PABBPORT CA

RO.

3

*

Passpom ark

ation alty

C0300598t

wt! = Surname

EXEMPLAR

EN

Given Names

HAPPY

Sex

Date of Stan

|

vy

M

1 JAN 1981

Place of Birth

st

amy,

*

NEW YORK. U.S.A.

ae

Expires On

ae

eo 2% NOV 2009

29 NOV 201%

1-02781-0

AN

unersD eehtee DEPAMFIMENT OF &

-

‘Sieg

Fea,

Same,

9, ry

Un,

foe
",1
128,"@gNew Hampshire # DRIVER LICENSE

‘NHL12506717

SAMPLE

DBE YgMES

223 HAZE

‘CONCORD, NH 03305

128 lb

atic

4

017

S$

01/02/1996

a

Bhy Sod ine

S snENnORSEMENTS Bay
",1
129,"ac)

F8

a

aa)

ae

Fag

ce

re

RN

S

>

cS

a

1 PA?”

ai

oH

onTt=

a

+O

a

st

Bee

AttGr

Se

ey

tg

Ss

3

~ =

Te

et

Ss

na

isa

Son

cad

Sty

-_-:

Se

my

ra

zt

ae

=S

—

—

a

AN

a

oe
",1
130,"MERA

gta'

4

eease’

veeepen ee

hs

ne }

an WE

see Oe

a em aga

Tah wm

ey

th Ge.
",1
131,"tr,

Ne

a

oS”

SUAS

~

{~~

wos,

AN.

~~ =~

ua?

~

* at

ei

°™

e Y,

oo

att

see

en.

—_~,

“,

~, R

os

aa.

Te tN

a

RICA

STATES

* PASBBPORT C

ke *

a

*

idno. *

s

Nationality

38

_~

Surname

E;

R

—

eg

TRAVELER

Gwen Names

HAPPY

ty

*

Date of Birth

ay

M

JAN 1981

.”

Place of Birth

we

ay

YORK. U.S.A.

Cama

Expires On

NOV 2009 29 NOW 201%

1-02781-0

ne ueenn

, Tee DePAMAMENT OF st

Te:

4

ae

mm

“men

9. ry

ad
",1
132,", , d

Pd

e.

rf

RICA

n

ae ne

st TE 1 oF

vassoe

908988

ase

co

ySh

YEMPL

ve 4%

TRANELE®

ware’

ale

1 jane 1961

a4

an tw

wee wav $a

re

7 wi

ee

$2

ee

meta «

ae

.f

=
",1
133,"a

‘@

ra

ef

oO AME

aat =<

oa?

wae

nesen

gh

Sa

CJe

n“s

wae

oon

~~

as

‘La

wpe bbe

a tom”

gee

ee ee

—

7 /

e,
",1
134,"ja

AMERICA

cs AAD*F

af

AsMaTED

er

Passport Card Wm *

C03005 Sse

EXEMP

anes

peo

Cana of Sorte

M

1 JAN 1961

Pi pce of Boe

A

NEW YORK. U s

apres

H Nov 2009 29

yo

ae —

821-07

mo

3

uenreo OTs

@ CSP ARSMENT OF
",1
135,"Ae

aig Ey

[2

oN

aa

on

~N

TN

NS

Pos

Mey, Sele

sie

Na

SO af

~~

at

a Oo

~~

Ee

~ a

“on,

nw

moa.

Gan

ae

} Wrestatisio, TR

et

.

‘ FRONTERA

me,

JORG

a

Ye

=

wBMay )

aN

wT a

MA,

seme ae

ae

7 a.

on,

i YS

>

Me te

a

ed

5 — ll
",1
136,"ae]

ited

_

aa

a ia

Re

x

e

x

ae

we

pe

an

CoA

=~

mF

ae

AN

“.

~

“'

B

Alt Gr

nee

ory

we

~—

i.

52

Ry

le

o.

ar

Bees

ery

ree

be

2 eS

=

sy

AC

ae

ays

aA

SYS

eer

vy

xe

=e

=

wee

RIN

*

Ye

SN

ae

sh

ww
",1
137,"acd

as)

aa

F6

fa

4

Fs

a

Y

Boe

ry

we.

cre

sik

oat

site

aoe

‘1

an

am

AM

tO

sN

B-

3

Alt Gr

av’

Sa

a

aI

or

iT

er,

‘co

ins

ra

Fo

‘ee

""sh

~~

ee

are BE

oot

a

io

ane

wet

%

sr

ny

3

ers

oe
",1
138,"Yr,

' fy

a

RJ gy

a®

“

a>

“ ~“\SS

™

aN

SN.

Nae

ss.

==,

B

as

ay

. Se:

ee ~

.

SD STATES OF AMERICA

* PABBPORT CARD «

ae

s

* *

~ 2 Nation ality

eee

Passport card no o&

DY

063005988

Surname

~~

ree

EXEMPLAR

TRAVELER

Given Same

HAPPY

Sex

ny

1981

ah

Prace

ae

Poe

.

NEV YORE or

oa

PD) Bios

Phe as

ws

ei ar

aa paePpamrTr

~uy

Ue

&

‘Sigg

“Anes

a,

Bry

Uy

”
",1
139,"Kf

it

f

ah

#

Ae 7 * \

‘7

ov *

aww

we

ets

wih

oo”

fe

jo

a a

wt od

+ tM

an

i

bed]
",1
140,"acd

ae]

ve

F6

aac

fe

&

ey

=

AP

ae

BP

iw

wITeY,

-

2

ant

BS

+O

ae

Alt Gr

wea

at’

ft

re

a

BY.

if

way

ae

oa

4

a

a

Mm

any

8

mn

Ae.

—

ae

a

an

oe

ry

yt

ear

Neg

aa

aR

aa

No

ne

i

feats

eS

)

x

1)

wu
",1
141,"i

British Columbia

“CAN

SAMPLE,

TEST CARD

DL:1234568

Issued

2012-Nov-30

noe: 1989-Aug-03

Expire:

2047-Nov-30

Restrict

Fadorsements: 24

Glass 5

wes

i.

i

wt:58.0kg e176 em ca

sits

Sec M

tyes: BRN

Haw BRN

~~

910 GOVERNMENT STREET

VICTORIA BC Vaw 3
",1
142,"5 OF AMERSTA

nd

or

aT CARDO’

wee

Pasepon Cone

co

EXEMP!

VELER

en Nemes

Rs

APPY

Ser

Cate of Beth

Py

1 JAN 1981

we

» +

Place of Birth

ae

‘

A.

NEW YORK. US

nee

Brov 2009 29

a

~

ATES ospamrmunt we

pe
",1
143,"AMERICS

«8

assP

oat cand

sso (ee *

ce

SSA

EXEM

qc

RAVE

zs

zoe eet

aero

sae ee

+ a 1981

ree v

~é

wea ORK JSA

2 ow 2007

ETAT TT case pesamewunt

*

//
",1
144,"ed

mas)

F7

F6

a

a

e

Bs

3 ttt

care

S

as?

=

Zwih

js

co

pe

fA

a

.Ge

i AM

tO

aN

pt

=

ait

B _

ne

wee

Le

Alt Gr

-~

ar

ea

ue

m0

hay

1

Na

a

a

we

io)

Gs

et

ha

eet

nay

TS

i

cy

ya

\f

sy

weeks

py

te,
",1
145,"ae

—

o~

Se

""7

CSN

Sats

PN

— a,

aed

oN

ne é

“~~

ny

ed

~

~~

wns.

2h,

~ “

on

EN

—

womeo,

fous!

se

AS LP ii,

ane

s

Surname

V3

a

4

3 _/ NouNa

a

ae,

‘hee

‘i

a

Com

West

Hera

a2

“h

Yee.

a |

as

segs iS,

a |

ne

- 8

a.)

ee

=

S

NV

Se

ES Map

a)
",1
146,"o

on

we

Ey gy

‘ft

AN

wh any

a

DA”

Bee

ee

me

Ng

P&,

wd

ements ©

st,

eid

mm

f

ab

awl) aw

- &

§; neu casas ursnauaios JB

Surname

VIAJERO

Given Nemay

oo

ay

ot

ad:

ee

=p

M4

ato

Fea

Neb:

ar

Sic -4

aes

Re

nal

New Nay

New Me.

ery

SAME ric

ary

00

Orth Car,

cay

OA ACADE Ny, AM

ae

Corrmcis 2o) MAPS AL . Grog
",1
147,"BOSNA I HERCEGOVINA BOCHA HM XEPIJETOBMHA BOSNIA AND HERZEGOVINA

Yista/Bocta/ Obiljedie zemlje /OGunenje eune/Broy pasosa/6po) racouins

‘Ountry Co

ro] Putovnice/Passport No

P

BIH

5857973

Prezime/fpesume/Surname

Date of issue

Datum izdavanja/Aatym wanazatea!

BAI

27.02.2008

ime (imena)/Mme (amena)/Given naencdrames)

BILJANA

Date of expiry

Daturn isteka/Aaryu wcrena/

Datum rodenja/fatys pohersa/Date of hirth

27.02.2013

17.03.1964

Mjesto tzdavanja/Mjecto waaasatea/

Place of birt

esto redenja/Mjecto pohera/

Place of issue

SARAJ EVO

SARAJEVO

Jedinstveni matiéni broj/Jeauncteenn Matnunn 6poj/

Person

1703964175009

Pol/Mon/Sex

Potpis nosioca/Notnuc Hocuoua/Potpis nositelja/Signature of bearer

rad

F

P<BIHBALJAU<K<BILIANA<K <<< <<< <<< Sh SSM KS KS

5857973<<8BIH6403175F 1302273 <<<<<<<dcce<<<<2

i
",1
148,"UNI

KINGDOM OF GREAT BRITAIN AND NORTHERN IRELAND

Passport

ere

eedecr

eee

PASSEPORT

P

GBR

766s 7882

senrrestint

PINN

Can romeurt)

RONALD ALEXANDER

aceite)

BRITISH CITIZEN

reeds)

JAN /JAN 64

seg)

R

mayest)

a

LONDON

canon areas

hate

taeamelts

EC /DEC OF

UK!

See drapaten

seeps Aue)

EC /DEC 17

Renal Mase

P<GBRPINN< <RONALD<<AL EX ANDERK< KKK KKK KKK KKK KK

7064 100829G8R5401 237M1 704121 <<< oe K KKK KEK KOS
",1
149,"we

ae

os

ee

al

‘f
",0
150,"« de

See

—

—

/ a

bee enn

—
",0
151,"ans

oy

AU ad

re

aon 1

_o-

we

oe

pyre)

a

wee

_

—

4

ar”

=
",0
152,"oe

eserve

a

a

K &

ae

—

y
",0
153,"=

4

A

ee

“e

|

ee

Rees

» Fa

a

\

i
",0
154,"ae

ps

on

2

4

ia

ta

ry

S

XA

i

paee §

vy

ate

a

a

de PE ood

A

SS

LS
",0
155,"1M

fu.

Nl

Sa

a

Pai

P Sinn

—

ane

bat

Tard

ia 4 Sw TS

Te

wa

s ;

‘8

eae

a

3

i

ee = FO ol
",0
156,"alll

Sy

ry

\

i

ie

A

as

—E

gt

a

ton

a

ip

(IF

=e

Fi

aa]

bd a

i i

W

ra a

A’

ar

kd

ae,

at

mS

ear

Rat

Ny Y

A

teem |i

Wy

+

of
",0
157,"a

——

————

a

Chics

Eo

IN

‘aI

¥

ons

oy

”

on

stad

‘ye

4

—
",0
158,"eae

(og

oe

en te ws FO

mitt

fo ae

Ine?

SAMSUNG

dtl

ft

Aj

a

ha

+ Bas

nj

A}

*

>

ry

a

7)

Aa

a ke

, |

i

oo""

""

oa.

~

rrr

A

N
",0
159,"oe

ad

a a?

a 4

Na

ial

\

ie

=

Ls

Al -

o
",0
160,"Ae

~

~~.

set

wa

ae

a

a

Dine

can id

det aay

a

bavi

eer?

ste

oe

i

4

rae

a

We

~3

“

Pua tied

ara

=

i oe

le

i
",0
161,"se eAel ele)

oat

‘pi

vost

ASC

ret

t

rT Sd

Py

a

sy z

¢

he or

a |

4

~?P

MTU

de

= pda

ols

ae

-%

aa

Prey id

mae” sree

Fs texte SO

|

ey

--

—

a

oad ea

_

or

ae

i

etary

oe

oY

[a

Pg

i

Y=

Tere

Co

Sod

Leg

yo,

Can

we

aad

Vek ON

ns

a

2

yl
",0
162,"\

‘wt

be

pled SA?

cree

ns

aa NEV

oa

ad

d

a

wm

ee

mL

LIN
",0
163,"a

a

aw

las

a

on

ale

ar

‘ar

|

ro

hee

(3

ee
",0
164,"ad

\

Ni

mee

1""

fe

en

ew

|

a oe

nn

ae

SS
",0
165,"a

:

a

Oo

SiC

i

ada

ans

fi

io

it

1

i

(i

~—

a
",0
166,"—

===

4

a

=a.

ate

“te

. —

oa

=<

os

a

—_

—

on

eS ee

Se

——

wenn

La

——

—_ om

=e

sen

Le

co

——

—_oa_

ae

ae

lee

coo

——

vm

-———-—

—=-

oo

—- =

—

—

===

Irs -=—

—

a

= en om

aan

Ts

J a

==

Sen

an

on

=

ze

—

gue a

=es

Setse

Pa

<=

> wen,

pe a

fest

wenn

Bene oe: oe

Lm

ai oon

- ts

rz

=~

wn

-

oe

se

33

one. F

sr

= i

=.

ae

a

ee

252s!

aes

tay a

==

~~

as

oe

2

oe?

4s

=

pf

‘7

fio

Z:
",0
167,"|”

ei

an

ait

— -,

Phone

a+)

Cr

ea

at

a

la

ae

i

ae

@ xp)

wy

wr Bo

3

uw

hoe

Clea)

<|

on)
",0
168,"aR

Aig

NA eer

i

Diy

Is

\

:

ol

i

wi

-

|
",0
169,"a

a!

—T_

al

wy

VS

ae

ee

PH

_

aaa

a

a oie
",0
170,"~

>

——

a a

i

a

re pee

‘ ob

fa.

oN

on

if
",0
171,"a 4°

ad

—

<<.

a

| as

a

7

g-

<

>

S
",0
172,"©

eo

——.

ee,

ot om

a

oo

——

|

oy Nga \

4
",0
173,"ow

Sd

as

Sa

sets

—=

e-}

i

iF

-

-

mu

rey

Ce

sii

Piitond

_

ere)

Se

fi

|

re

A

v

ya Rae

7 TG

-

x en on

=

Sa
",0
174,"a

“A Ay

Pe Ra!

uw

bi

A.

——

rd

mt

eee mrs

- &
",0
175,"a

mes

Ce oe 3

Sokal

Paced

Gian,

etd

3

metas}

ees TY}

eed

Be

Hie

Be
",0
176,"=

BE

oN

=

a

ae

eon

eit

fi

ii

ae

ae

aon

!

(°

eae

I

ae

re
",0
177,"NL OS

an

.« &

4}

a

q_,

“OPSHOR

a

=i

> ao

= TOPMAN

et

Le |

ce

ao

bo li

ay

—

o

|

_—

-

is

eA

yy

FJ

gh

x

PP

'y

ae. Zi

ee
",0
178,"Ts Sod

fis

oe

Ad

FTN

AS

Dra

spina! ey

i?

fon J

“Ye

ie

a4

a4

a

Ey

a

cam

eo

Bit oe

= wos,

a

gt

a

Es

Se

-
",0
179,"_

a

om

AN

‘

aan

h

Se

cil

1-18 ou

Te

tt oe

rt)

PL

Ser

,

4

wer

“a

7c
",0
180,"<3

Bs

aoe

oe

=-

4 the tastes

OAC,

, flavours at

Namen a,

toe

ae

sae

ous,

—

<t

ae |

paws

ee ae nS aD SS

——

=

_—_

2 a Se na a

a oe a a

i 4

Lg

— a a

o

Li

fo

a

=

=

-

SS

_

casa

on

od

ne

a 2
",0
181,"‘I,

a

Sn ae

ce

Atm

io

ial

—

i

ae |
",0
182,"—_— -

a ntits

 \

~<f

ee

Zo

|

T

re’
",0
183,"-

aay

==

ae 7

=

A

od

Es

Wf

a

Ya

==

Ei

awe

a5

tno

4

SOV? i

|

—

- A

I iL,

cope ef

a beter z-

wey

Ww
",0
184,"rr Pe cl

a

~~

a ela

Bs r ol Yd

Y

—-

YORG WEN

Yam Gabd. Sead Supplicr

=

Je ilfpneed,

‘Webel. wee yarn com.ag,

eT 100,

|

TT

Os

ag |
",0
185,"te

a

Look out for next chat

ard

4

ites

AT

&

AL

a

an

\

p

. Se
",0
186,"-

a mt

‘| ni miles

§ cpl

~ 3a

=“ -

We

fy

1

wali

We

=

\ ia

1. )

hh
",0
187,"—~

4

Ps

aa

=)

om |
",0
188,"= le

kon |

a

_
",0
189,"=

—

=

nn

wy

or wy

er

J

vd
",0
190,"r

ry

|

aes eT

nll

—™ CHABUTON—

in

(a!

Ri

aidan | |

- Wr
",0
191,"—

aan

is

be a

TTD

Lee at nite

free ae

; =

a

Lee atte

a

2

-

aoe

Seer,

ieee.

er

—

sone

sy

La

Ln

—

a

. Ti
",0
192,"”

=. rn

""
",0
193,"aos

——

s

Marina Link

More shopping

& dining options at B1,

ay to

This w

tation

iit

Esplanade

ass

i

MARINA’

ARE

A

om

a)

4

>»

a, Se

md

i

1

iy
",0
194,"4

x

a

we

'_

g

= 4

aE

""|

vet —h

q

x

|

I

i

eee

sy

‘tat

it

ie

ie ah Oe

iw

a

4

Af

ee)

a

if

cf

oy

in a

\e
",0
195,"od

li

I

ill

i

Ds ae

oe

a

nn

4,

—

RN Ves

Ca le oa

a

{ .

ae

Peet

FE

Sin

aa

f,

ad

i

_s

4

| 4

nd

I

2

|

Eat

a

al
",0
196,"i

‘|

Je

,

(‘a

i ios

ao

Ph

‘age

u

4 74

‘4 Td

al |

/

— oe
",0
197,"@ Food Republic

a eid an

Lad

Tu

Pr l

, id

Teel

~
",0
198,"—_

wh

=

---

Ti

ial

i

af

uF

Sa

os

a “ye

(y |

‘A

or Sane

aay

f

a:

y x

Le
",0
199,"SR

EHOp

ioe

i

‘aS

a

i

a + a

Ties

A}
",0
200,"Cc

ab

_

— Leeann

=|

i

ana

(s

ar;

a |

—

j

[= 0)

y

“df

we

~aoo

|
",0
201,"wil

(_4

iN

w

a

A

rs

ae

.

i,

rt

pane

Lae

cy

#|

rat \
",0
202,"a

—

nim ="". al

aoe

ea

eee

1a 2,

a

pees.

Co ae

_

fae alld

a

bad

——
",0
203,"—

SS

w

eae

& eT

= ey

eel

ala

vat

fu

special

Late

1=

oa

coded

2

in ine dreds

we live.

>=

Ld

Ley

-

a

a

SN

or

ey

dy

ot
",0
204,"1 ee

st

{a

\

4

q

RP

ve Sle

T

4

a

Wy

as

Nig

-”

val

Tae 1

al

a

ah deel

\.

- ft
",0
205,"5 ¥

\-.

‘

gt

ye

wat

an

\\\

°

A
",0
206,"ars

SOLS

ee

in)

Br

con

oe

Se

et

Aix

fn

a

Tr ih ot

sa

(oy

et

(one

ef

an

vi

J,

zea

fl.
",0
207,"Bret oe

SC

eed

Ih

.

‘

:

ay

eS
",0
208,"is

td

x

dare.)

My

ued

Ki

rw

a

Die

cael

if

ibe

a

aa

thy, *""

—_——_—
",0
209,"\ will

A

—_

acd

eC

TUTE

ee

na

|

|

ee
",0
210,"»

al

|

ca

ee

AS

cr

me 2

we 6g

ne

ra

es

a8 7 ee

om)

a

—

—

a

a

ne

—— aE ne

=e

ea

oraeictty

— ~~
",0
211,"i

i

Gh

ie

i)

ee

Ce

2 os

An

Vy

—-——_ a

tee

a

aa 808
",0
212,"me

“A

ee

ai

. r | _—

ae

Pa

ad

a:

a iJ

Pa

i

we

aT
",0
213,";

4

Letty

~

aa

da

[a

be,

eas

/ f

eens

ar

:! oils

me Yee

—P

4

no

te

rad
",0
214,"ARE

Yamano

FP

en

tate

Li?

nom

rw

a /

a

rg

he

.

er

—,

(pe

en
",0
215,"‘6

iw

SS

a

a

a

any

ve

ie

t

ma he

ae

—

Vay

—

ae
",0
216,"ns

"" Pa

if

hos

i\ id:

oA

P

i

a =

y
",0
217,"oy

it

one

ea)

a

CL

—

ah
",0
218,"a

HY amp crim main iar pe

ra

§ >

C Tf

ie

NO

ar

es |:

OF

(4

aan’

i

3

eae
",0
219,"NN

2 oe

—

|)

anf

IP O.D

is

A

ma,

Af,

r

AV
",0
220,"“ae

a)

Yi

>.

a

*

2 ee

}OK OUT

BRAND NEW

AIL WING

=

ti

—e

Ol

= ty

~~

orrions |] A ead e

aed

on

1!

can

ne

_ 4

W454

ave)
",0
221,"rer

i f

entaatianged

— fr

ae

"">

a.

—s

wee

io

7

Fe

aoe

oe

a
",0
222,"ip

ae

a | .

a

ic

""

)

Ati
",0
223,"nt

2 Oe ot

nore

ror

Th

ia

y Ee)

a
",0
224,"a

a if oA

y

x

cd

a

ee

i)

Pe ae

a

ny

iy

Ge

aa

Ps FY

rat.

Bae

ord

~~;

Nee

iy

fing

Eh

Soe 7

ae

“es

ae:

te

Le nae

va

7

vi

bal A

pod

F4

2

i

hal

——

Fee ad

#

eS red ee

.
",0
225,"LP,

a

uth

Cay

OT

nll

oz

yt

sag say

me

Vide

i

nH Lo

Ce

Pap

LITE

Ul

ae}

ida

by,

Sf

oY

rr
",0
226,"_

_

me

7 | +o

+

_

yo

rt

‘

1s @

sf

=|

=)

oa

wt hoe

=

et

St

Pi

_t

a

i

mes

ab
",0
227,"(las

ie

i

({

a

3

i

ry ? gil

ce Fi

— '

( .

\ he

ok eet

=

ao
",0
228,"i ia

ro

ape

es

ae

a

can

Ate

a

—

mS

:

cm

eA

at

=

he

ae

——

|

zy

es

—.

a

aa |

i

onions eal

ios

-

ore

chee

NG

a)

< a
",0
229,"i""

i

BODISC]

Tolumy un,

REVERS

ences

pees

— [oy
",0
230,"eee

ae toa

6

1G

Rs

—

‘

x

l

ine
",0
231,"eo

an

De

ae.)

ened

as

—

pie

Pe A

\
",0
232,"titel

yee

ve

MG

| ey

ia

Na

as

es

Bis | i

| |

a

,

7

!

vii)

L_

jw —

7

~

ie
",0
233,"an

rn

on

Seize,

ns

ut

Hi

SN

—e

aS

wry

|

PR

=

rs

ot

.

Ag

~a

yy

mT,

L
",0
234,"oe

&

i we

tt

_

raf

\

Ri

ii

ea'rr . 4

ces

amy

ie
",0
235,"alta

oe

ee

cy.

i;

v3

a

a

eles

— _

See

Pa

i

ee

—

Bliipreeens ll

——

[ee | eed

ee

pr eTre

ia a ios

Pg

a i

—_—-+

Dat

Besa we

4

a
",0
236,"4

> ee

i

ie

”A\
",0
237,"hu

ie

a

a5 S

Ba

Y

a

amt

Lit

AY

\\

*

t

"" ""N

Ny

*

NY

yk
",0
238,";

py =

aia)

on

LOR

ed

$5.0 |

eal

>

c i"" x ‘wy
",0
239,"WANDALIN OBIES

aa

ee

9
",0
240,"i

= hu,

os

{.

y4

oman

thi

¥

fae

ae

a

———

u

——

|

—

a

——————

Py

a.

te

rs |
",0
241,"vi

Hi b.-

a

lta uy

eT]

er

-

wl

~y

a]

ab)

at ty,
",0
242,"5 ex

ma

ay

be

— tt

cars

V

——

PS ae

7a
",0
243,"in

- a

meer? 2

Rg

Refishing the tastes

oni

a

esd)

rf

Br!

Ka

nai

fg

‘!

iN

= sae

as

.

—

g

—

As.

be

es

a

yy

‘

© re

asf

4a
",0
244,"a

ae

aed

ri

‘i

Pav)

ey

oY

L

et

aad

ae

\ ae

a <a

a ge

at

wey

a ae
",0
245,"as

bs

L

RAS

2

Loy

rors

i

ad

arts

May

aa

us

bares

a

ro

my

—rmncagt H

ua wor

ae

ii

We

3

rt)

rt

|

iT)

Ss

_—s—

——

on

iN
",0
246,"ae

— | ee

Pd

2

ae

—_

Peed

mf

La

—

-

hia

Pe

Sime

—

as

ee
",0
247,"hie.

Ay

A

\

<4.

7 ia

-

as

\ RY

a

oa

raed

Lad

Th

a

wy
",0
248,"tae —

aT

(7

fe |

RS

‘S

Q

ew

>

RN
",0
249,"wa

=>

” ae

at

rt

F%

Pa

aad

vs

ye

‘ey -

K

aa

NS

i

(yi

U

Esl

ee

yy

an
",0
250,"it

e

ae

r

ru

a

a 3

y miu

-

Jo

a ae

We)

,

7

Pie

i

i!
",0
251,"ind

we

ne

""yy

ud

amen

a4

rr

ome

As

oa

a

if

ees

it

Pa

4,

(M7

7 ‘y

a

roe

Ch

aaa

™

aa

ATs

“s

=

fa Ae

ee

Para

fe

Cea

lrtn

Lo

a

v2

f

vad

hen

im

. ia 7a

To

a)

eat

ra

ne od a

Pa

oe

ie on

it

a

= #6 ¢

”

ra

”

ed

am

ee

aad

a

5

>
",0
252,"a

a

ven

rn

ae

aie

a

xe OF

pty

NANCE

ro)

Al

rAAIN

Bay

i

oh

VERICLTS

ie

a

~?

""

Hy

A

-'

- e

Eel

ay

on

a

yp

4

a

Pan

Pra
",0
253,"Di

a

IC

‘oe

lens

at

Or ie

m2

cat 9

VO)

L kn

ae

as

—_
",0
254,"on

nd

et

eT cael

ies, ned

lo

a

Pa)

atl

a a |

aoe

Sl ed

es

Pad al

Ay Se

towne st

a

its

a

x

ae

r¢

RZ

,
",0
255,"ie

oe

CA

Nat

In

MEU

id

Lecture

Se

heatra 1A

Cha

""
",0
256,"—

ae

4

Fad

qa

""
",0
257,"t!

—

ee

os

Ral

a

are |

pa.

4

re

en

\-

srs

X

N

“7
",0
258,"Pe

basi

aot |

rer

Dy ee

i |

1a

a ons see

a

a

al

er

aoe

se
",0
259,"ah

2

Pies te

a)

at

LY we

N,

La

at

\\e.

i

i

i pws
",0
260,"ee

e-

o_o

IN Wei a

-

_ = oom

.

3

re

ated

B

E

ps

a antl
",0
261,"se

=

oN
",0
262,"pe a el

=; ~

ba

2

ee

eo

TS yi

a

|

au

bee

a

8

ast

aye

el

os ll

= |

Peepers 2

“Fe

“|

=

re

BS

— =

ae

3

Ve
",0
263,"=

|

| L|

|

i

3 |

an.

pe |
",0
264,"ri

ae

4

’ ae
",0
265,"a

_ it

eleeeenys

rae

=

rk

iW

ry

¥

a

a

'

y+

IN
",0
266,"\/

Pra

Sault

STORE

ot

ma

5

aT

=<

4

a

FI

SP *

ig

2

ha

Can)

Ee

—_

a
",0
267,"—= 2. er

~—T

aS

soe

UIT

mai:

rg 35®

os wen oll nO

—

Se

] i

|

— me

iad

ty

aan

ATHY)
",0
268,"cy

Pr ad

ms

oe

oo

Ea

So

=

=

ll ish

I.

omy

Ce!

- —

a

\

rd

“y

> Yeon,

baeedets)

=

r°

cee

eh

—

rae

Sa

CT

ww By

Co
",0
269,"ay

anne 2k,

v

A

/}

eer

ut

é

A

(0

eo

t)

i)

an i

Ty

jt :

‘ i

‘iw

Ww»

ry A
",0
270,"Cy

| Sh |

an

=

fi y)

A

be

ine
",0
271,"I

as

Pan

74

gis

=

oh Sd

""\ rad

:

2 OU

bata

a

ODI

|

BY

wer

Pd

oT

a =

a

ral

AS

ss

1 ut

oe
",0
272,"ar

a

rl

7

ue

A :

aye

UE

f)

p)

di

- ~
",0
273,"ea rsr

aes

es

aa ey

=

ait

on

aie

- ""tmacesoCHiNa

oP

cr

(3

ih

ten

it

—

wr 7

ce

T

a!

ery

ve

ary

a

f

1S

_

 %

— a
",0
274,"at

ae

rire

Fi 1

vy

bhe

q

h

,

ra

the

i

—_—

ae

lor to

ape

il

e

81-39

Kets
",0
275,"a

a

~

eo 9

al Se

OPEI] «&

a

ile

»

OQ

“ao

od

e

Pry

NA

Mo

vt

cael

ii

Dp

as
",0
276,"Ss

~

ce

Si oy

a

cd

iY

oe

¢

ra

al

ed

i

(—

aoa

nis

oD

3)

&

ot
",0
277,"— of

——

al

—

Pes

_——

Rh

LES

=

ai

of

s 3

ac

‘San

Wid

haa | Dee

pare es

wn,

—pal

a
",0
278,">

a

ry A

SY

‘

a ®&

a
",0
279,"-]

A a

he

»)

te

poe

ed

ood ae

Me LZ

a

Ed

iy

or

waa

in

re

fi

Prieta H

aa

“-y

LoL

_f

rT ee

<a

J:

- SAL
",0
280,"paaee

ee

7 ae

ar

|

ry ara)

aa A

ese Ee

i ie

om

ve

pe

crs

yA

od

ad

Pid wa
",0
281,"-

Saeed

Ja

vi

ae

4

et

wc

=

Ne

,

a

=*.

\ ea

ee

—

7

‘os.

aN

a

der

Fs as

—

ka

a

we ones.

par

rw

=a

-

a

ad

!

it
",0
282,"a4,

em

Sug

henke

Ata

lt

H

=

l

|

|

=

a

|

|

®

(ar

a

iy
",0
283,"WF

ot

a

Fis

cael

a ;

i>

‘AG

e

a

teh

i
",0
284,"SS

50

re

Na

aioe 4 ""4
",0
285,"Th

—

a

Lo a’

oF gt

»

eS

Cy

H ae

ee

I

—

sy

an»

A

4 4y4

il

ii

pa

eal

F
",0
286,"a

--

F

~—

e

S)

ee

{8

ea

Jb

Eg

la

ro

ae.

.

aa

S| ff

ae

Pian
",0
287,"irae

at

a

mS

ma

s

TL

LIN

ca

or

NA

A

ars |

V4

-,

5a

a

an on

Be

a)

A

ie

a

ee
",0
288,". a?

ae

Nid, /

\ nll

(4

Feet

olen yp

9 ae

Lu

——

yf?

a2

=

i

‘| a

ra

Siete - 55.

ay

Ht

a te)

La

i,

~

ET

ar od

dad

fi

y

a

er
",0
289,"om Fv

=

td

ter

ie

bad

Ca

tg

A

ee

AS

an)

eo

¢

“a
",0
290,"=

fatal

=

~*

af

aay

Safe

wp

a]

a

—-

WATCH STRAPS,

SERVICE & BATTERY

pond

iia ia,

fd

ast

-

te

Py

a

|

rt

or

y:

a

e

ae

“|

tn

ww

ne

nae

thet
",0
291,"wa

gut

9a

a a

a sea '|

- ay

ie

4

Ma

f 3
",0
292,"—

—_

~

STAKE

see

‘STA, DOPaE TOUR RSL

—

P)

=

oy
",0
293,"an

Gu

ng.

atchis

yf

|

we

if

ae

i

Loe

fy

y.

7

ot

ran)

if

¥

i” na

pana 4

caer

b:

a

a
",0
294,"Cad

V-

ea

ll

meer.)

ee

sh

5 FM

Bk

ee ee

oat)

|

uA

S|

hee

ae

ee

Fi

a)

~

a

I

a)

Tn

a bee

‘et

ae

wr

a

Re

£

ie

SS

a.

oe

a

a

ny

on

‘v

a.

ar /
",0
295,"td

rd

_

=

td

—

3 0 F

a

au

cc

i

a

hi idea

]

m4

I

Ce

=

7

a7

n-

| a

rt

PT
",0
296,"SUT

2

o.*

Ry

pores

a

— =

re

a Pe |
",0
297,"be aver Timms

=,

an

ao ae

oo)

A

inf

a”

a

ee
",0
